Workbook

Sheet Variations
A1: Date de référence | B1: 45490 | E1: ◄ Seule case à modifier : le tableau entier se recalcule.
A2: Date cible | B2: =EDATE($B$1,-1) -> 45460 | C2: =EDATE($B$1,-2) -> 45429 | D2: =EDATE($B$1,-3) -> 45399 | E2: =EDATE($B$1,-4) -> 45368 | F2: =EDATE($B$1,-5) -> 45339 | G2: =EDATE($B$1,-6) -> 45308 | H2: =EDATE($B$1,-7) -> 45277 | I2: =EDATE($B$1,-8) -> 45247 | J2: =EDATE($B$1,-9) -> 45216 | K2: =EDATE($B$1,-10) -> 45186 | L2: =EDATE($B$1,-11) -> 45155 | M2: =EDATE($B$1,-12) -> 45124
A3: Indicateur | B3: 1 mois | C3: 2 mois | D3: 3 mois | E3: 4 mois | F3: 5 mois | G3: 6 mois | H3: 7 mois | I3: 8 mois | J3: 9 mois | K3: 10 mois | L3: 11 mois | M3: 12 mois
A4: GDP CQOQ Index | B4: =IFERROR(Valeurs!$B4-Valeurs!C4,"") -> 0 | C4: =IFERROR(Valeurs!$B4-Valeurs!D4,"") -> 0 | D4: =IFERROR(Valeurs!$B4-Valeurs!E4,"") -> 0 | E4: =IFERROR(Valeurs!$B4-Valeurs!F4,"") -> -2.1 | F4: =IFERROR(Valeurs!$B4-Valeurs!G4,"") -> -2.1 | G4: =IFERROR(Valeurs!$B4-Valeurs!H4,"") -> -2.1 | H4: =IFERROR(Valeurs!$B4-Valeurs!I4,"") -> -3.6 | I4: =IFERROR(Valeurs!$B4-Valeurs!J4,"") -> -3.6 | ... M4: =IFERROR(Valeurs!$B4-Valeurs!N4,"") -> -0.8
A5: GDP CYOY Index | B5: =IFERROR(Valeurs!$B5-Valeurs!C5,"") -> 0 | C5: =IFERROR(Valeurs!$B5-Valeurs!D5,"") -> 0 | D5: =IFERROR(Valeurs!$B5-Valeurs!E5,"") -> 0 | E5: =IFERROR(Valeurs!$B5-Valeurs!F5,"") -> -0.2 | F5: =IFERROR(Valeurs!$B5-Valeurs!G5,"") -> -0.2 | G5: =IFERROR(Valeurs!$B5-Valeurs!H5,"") -> -0.2 | H5: =IFERROR(Valeurs!$B5-Valeurs!I5,"") -> 0 | I5: =IFERROR(Valeurs!$B5-Valeurs!J5,"") -> 0 | ... M5: =IFERROR(Valeurs!$B5-Valeurs!N5,"") -> 0.5
A6: GDP CURY Index | B6: =IFERROR(Valeurs!$B6-Valeurs!C6,"") -> 0 | C6: =IFERROR(Valeurs!$B6-Valeurs!D6,"") -> 0 | D6: =IFERROR(Valeurs!$B6-Valeurs!E6,"") -> 0 | E6: =IFERROR(Valeurs!$B6-Valeurs!F6,"") -> -0.5 | F6: =IFERROR(Valeurs!$B6-Valeurs!G6,"") -> -0.5 | G6: =IFERROR(Valeurs!$B6-Valeurs!H6,"") -> -0.5 | H6: =IFERROR(Valeurs!$B6-Valeurs!I6,"") -> -0.8 | I6: =IFERROR(Valeurs!$B6-Valeurs!J6,"") -> -0.8 | ... M6: =IFERROR(Valeurs!$B6-Valeurs!N6,"") -> -0.5
A7: GDP PIQQ Index | B7: =IFERROR(Valeurs!$B7-Valeurs!C7,"") -> 0 | C7: =IFERROR(Valeurs!$B7-Valeurs!D7,"") -> 0 | D7: =IFERROR(Valeurs!$B7-Valeurs!E7,"") -> 0 | E7: =IFERROR(Valeurs!$B7-Valeurs!F7,"") -> 1.4 | F7: =IFERROR(Valeurs!$B7-Valeurs!G7,"") -> 1.4 | G7: =IFERROR(Valeurs!$B7-Valeurs!H7,"") -> 1.4 | H7: =IFERROR(Valeurs!$B7-Valeurs!I7,"") -> -0.3 | I7: =IFERROR(Valeurs!$B7-Valeurs!J7,"") -> -0.3 | ... M7: =IFERROR(Valeurs!$B7-Valeurs!N7,"") -> 1.3
A8: USURTOT Index | B8: =IFERROR(Valeurs!$B8-Valeurs!C8,"") -> 0 | C8: =IFERROR(Valeurs!$B8-Valeurs!D8,"") -> 0.1 | D8: =IFERROR(Valeurs!$B8-Valeurs!E8,"") -> 0.2 | E8: =IFERROR(Valeurs!$B8-Valeurs!F8,"") -> 0.1 | F8: =IFERROR(Valeurs!$B8-Valeurs!G8,"") -> 0.3 | G8: =IFERROR(Valeurs!$B8-Valeurs!H8,"") -> 0.3 | H8: =IFERROR(Valeurs!$B8-Valeurs!I8,"") -> 0.3 | I8: =IFERROR(Valeurs!$B8-Valeurs!J8,"") -> 0.2 | ... M8: =IFERROR(Valeurs!$B8-Valeurs!N8,"") -> 0.4
A9: NFP TCH Index | B9: =IFERROR(Valeurs!$B9-Valeurs!C9,"") -> 0 | C9: =IFERROR(Valeurs!$B9-Valeurs!D9,"") -> 107 | D9: =IFERROR(Valeurs!$B9-Valeurs!E9,"") -> -38 | E9: =IFERROR(Valeurs!$B9-Valeurs!F9,"") -> 36 | F9: =IFERROR(Valeurs!$B9-Valeurs!G9,"") -> 16 | G9: =IFERROR(Valeurs!$B9-Valeurs!H9,"") -> -18 | H9: =IFERROR(Valeurs!$B9-Valeurs!I9,"") -> 90 | I9: =IFERROR(Valeurs!$B9-Valeurs!J9,"") -> 107 | ... M9: =IFERROR(Valeurs!$B9-Valeurs!N9,"") -> 32
A10: ADP CHNG Index | B10: =IFERROR(Valeurs!$B10-Valeurs!C10,"") -> 0 | C10: =IFERROR(Valeurs!$B10-Valeurs!D10,"") -> -36 | D10: =IFERROR(Valeurs!$B10-Valeurs!E10,"") -> -59 | E10: =IFERROR(Valeurs!$B10-Valeurs!F10,"") -> -23 | F10: =IFERROR(Valeurs!$B10-Valeurs!G10,"") -> 41 | G10: =IFERROR(Valeurs!$B10-Valeurs!H10,"") -> -6 | H10: =IFERROR(Valeurs!$B10-Valeurs!I10,"") -> 48 | I10: =IFERROR(Valeurs!$B10-Valeurs!J10,"") -> 41 | ... M10: =IFERROR(Valeurs!$B10-Valeurs!N10,"") -> -391
A11: LEI WKIJ Index | B11: =IFERROR(Valeurs!$B11/Valeurs!C11-1,"") -> 0 | C11: =IFERROR(Valeurs!$B11/Valeurs!D11-1,"") -> 0 | D11: =IFERROR(Valeurs!$B11/Valeurs!E11-1,"") -> -0.01958042 | E11: =IFERROR(Valeurs!$B11/Valeurs!F11-1,"") -> 0.0086330935 | F11: =IFERROR(Valeurs!$B11/Valeurs!G11-1,"") -> 0.0038186158 | G11: =IFERROR(Valeurs!$B11/Valeurs!H11-1,"") -> 0.021865889 | H11: =IFERROR(Valeurs!$B11/Valeurs!I11-1,"") -> -0.033103448 | I11: =IFERROR(Valeurs!$B11/Valeurs!J11-1,"") -> -0.00095011876 | ... M11: =IFERROR(Valeurs!$B11/Valeurs!N11-1,"") -> -0.16481334
A12: USHEYOY Index | B12: =IFERROR(Valeurs!$B12-Valeurs!C12,"") -> 0 | C12: =IFERROR(Valeurs!$B12-Valeurs!D12,"") -> 0.1 | D12: =IFERROR(Valeurs!$B12-Valeurs!E12,"") -> 0 | E12: =IFERROR(Valeurs!$B12-Valeurs!F12,"") -> -0.3 | F12: =IFERROR(Valeurs!$B12-Valeurs!G12,"") -> -0.5 | G12: =IFERROR(Valeurs!$B12-Valeurs!H12,"") -> -0.3 | H12: =IFERROR(Valeurs!$B12-Valeurs!I12,"") -> -0.4 | I12: =IFERROR(Valeurs!$B12-Valeurs!J12,"") -> -0.4 | ... M12: =IFERROR(Valeurs!$B12-Valeurs!N12,"") -> -0.8
A13: CPI XYOY Index | B13: =IFERROR(Valeurs!$B13-Valeurs!C13,"") -> 0 | C13: =IFERROR(Valeurs!$B13-Valeurs!D13,"") -> -0.2 | D13: =IFERROR(Valeurs!$B13-Valeurs!E13,"") -> -0.4 | E13: =IFERROR(Valeurs!$B13-Valeurs!F13,"") -> -0.4 | F13: =IFERROR(Valeurs!$B13-Valeurs!G13,"") -> -0.5 | G13: =IFERROR(Valeurs!$B13-Valeurs!H13,"") -> -0.5 | H13: =IFERROR(Valeurs!$B13-Valeurs!I13,"") -> -0.6 | I13: =IFERROR(Valeurs!$B13-Valeurs!J13,"") -> -0.6 | ... M13: =IFERROR(Valeurs!$B13-Valeurs!N13,"") -> -1.4
A14: PCE CYOY Index | B14: =IFERROR(Valeurs!$B14-Valeurs!C14,"") -> 0 | C14: =IFERROR(Valeurs!$B14-Valeurs!D14,"") -> 0 | D14: =IFERROR(Valeurs!$B14-Valeurs!E14,"") -> -0.05918 | E14: =IFERROR(Valeurs!$B14-Valeurs!F14,"") -> -0.06099 | F14: =IFERROR(Valeurs!$B14-Valeurs!G14,"") -> -0.15539 | G14: =IFERROR(Valeurs!$B14-Valeurs!H14,"") -> -0.18727 | H14: =IFERROR(Valeurs!$B14-Valeurs!I14,"") -> -0.42887 | I14: =IFERROR(Valeurs!$B14-Valeurs!J14,"") -> -0.63001 | ... M14: =IFERROR(Valeurs!$B14-Valeurs!N14,"") -> -1.52642
A15: PPI XYOY Index | B15: =IFERROR(Valeurs!$B15-Valeurs!C15,"") -> 0 | C15: =IFERROR(Valeurs!$B15-Valeurs!D15,"") -> 0 | D15: =IFERROR(Valeurs!$B15-Valeurs!E15,"") -> 0 | E15: =IFERROR(Valeurs!$B15-Valeurs!F15,"") -> 0 | F15: =IFERROR(Valeurs!$B15-Valeurs!G15,"") -> 0 | G15: =IFERROR(Valeurs!$B15-Valeurs!H15,"") -> -0.4 | H15: =IFERROR(Valeurs!$B15-Valeurs!I15,"") -> -0.6 | I15: =IFERROR(Valeurs!$B15-Valeurs!J15,"") -> -0.8 | ... M15: =IFERROR(Valeurs!$B15-Valeurs!N15,"") -> -1.9
A16: IP YOY Index | B16: =IFERROR(Valeurs!$B16-Valeurs!C16,"") -> 0 | C16: =IFERROR(Valeurs!$B16-Valeurs!D16,"") -> 0 | D16: =IFERROR(Valeurs!$B16-Valeurs!E16,"") -> -0.47 | E16: =IFERROR(Valeurs!$B16-Valeurs!F16,"") -> -0.44 | F16: =IFERROR(Valeurs!$B16-Valeurs!G16,"") -> 0.35 | G16: =IFERROR(Valeurs!$B16-Valeurs!H16,"") -> -1.45 | H16: =IFERROR(Valeurs!$B16-Valeurs!I16,"") -> -0.22 | I16: =IFERROR(Valeurs!$B16-Valeurs!J16,"") -> 0.44 | ... M16: =IFERROR(Valeurs!$B16-Valeurs!N16,"") -> 0
A17: CPTICHNG Index | B17: =IFERROR(Valeurs!$B17-Valeurs!C17,"") -> 0 | C17: =IFERROR(Valeurs!$B17-Valeurs!D17,"") -> 0 | D17: =IFERROR(Valeurs!$B17-Valeurs!E17,"") -> -0.0909 | E17: =IFERROR(Valeurs!$B17-Valeurs!F17,"") -> -0.0872 | F17: =IFERROR(Valeurs!$B17-Valeurs!G17,"") -> 0.4624 | G17: =IFERROR(Valeurs!$B17-Valeurs!H17,"") -> -0.2388 | H17: =IFERROR(Valeurs!$B17-Valeurs!I17,"") -> -0.5726 | I17: =IFERROR(Valeurs!$B17-Valeurs!J17,"") -> -0.3959 | ... M17: =IFERROR(Valeurs!$B17-Valeurs!N17,"") -> -0.5391
A18: DGNOYOY Index | B18: =IFERROR(Valeurs!$B18-Valeurs!C18,"") -> 0 | C18: =IFERROR(Valeurs!$B18-Valeurs!D18,"") -> 0 | D18: =IFERROR(Valeurs!$B18-Valeurs!E18,"") -> 3.4 | E18: =IFERROR(Valeurs!$B18-Valeurs!F18,"") -> -3.3 | F18: =IFERROR(Valeurs!$B18-Valeurs!G18,"") -> 2.1 | G18: =IFERROR(Valeurs!$B18-Valeurs!H18,"") -> -2.2 | H18: =IFERROR(Valeurs!$B18-Valeurs!I18,"") -> -8.8 | I18: =IFERROR(Valeurs!$B18-Valeurs!J18,"") -> 0.5 | ... M18: =IFERROR(Valeurs!$B18-Valeurs!N18,"") -> -7.8
A19: MPMIUSCA Index | B19: =IFERROR(Valeurs!$B19-Valeurs!C19,"") -> 0 | C19: =IFERROR(Valeurs!$B19-Valeurs!D19,"") -> 3.2 | D19: =IFERROR(Valeurs!$B19-Valeurs!E19,"") -> 2.4 | E19: =IFERROR(Valeurs!$B19-Valeurs!F19,"") -> 2 | F19: =IFERROR(Valeurs!$B19-Valeurs!G19,"") -> 2.5 | G19: =IFERROR(Valeurs!$B19-Valeurs!H19,"") -> 3.6 | H19: =IFERROR(Valeurs!$B19-Valeurs!I19,"") -> 3.8 | I19: =IFERROR(Valeurs!$B19-Valeurs!J19,"") -> 3.8 | ... M19: =IFERROR(Valeurs!$B19-Valeurs!N19,"") -> 1.3
A20: NAPMPMI Index | B20: =IFERROR(Valeurs!$B20-Valeurs!C20,"") -> 0 | C20: =IFERROR(Valeurs!$B20-Valeurs!D20,"") -> -0.5 | D20: =IFERROR(Valeurs!$B20-Valeurs!E20,"") -> -1.6 | E20: =IFERROR(Valeurs!$B20-Valeurs!F20,"") -> 0.9 | F20: =IFERROR(Valeurs!$B20-Valeurs!G20,"") -> -0.4 | G20: =IFERROR(Valeurs!$B20-Valeurs!H20,"") -> 1.6 | H20: =IFERROR(Valeurs!$B20-Valeurs!I20,"") -> 2.1 | I20: =IFERROR(Valeurs!$B20-Valeurs!J20,"") -> 1.8 | ... M20: =IFERROR(Valeurs!$B20-Valeurs!N20,"") -> 2.3
A21: MPMIUSMA Index | B21: =IFERROR(Valeurs!$B21-Valeurs!C21,"") -> 0 | C21: =IFERROR(Valeurs!$B21-Valeurs!D21,"") -> 1.3 | D21: =IFERROR(Valeurs!$B21-Valeurs!E21,"") -> -0.6 | E21: =IFERROR(Valeurs!$B21-Valeurs!F21,"") -> -0.9 | F21: =IFERROR(Valeurs!$B21-Valeurs!G21,"") -> 0.6 | G21: =IFERROR(Valeurs!$B21-Valeurs!H21,"") -> 3.4 | H21: =IFERROR(Valeurs!$B21-Valeurs!I21,"") -> 1.9 | I21: =IFERROR(Valeurs!$B21-Valeurs!J21,"") -> 1.3 | ... M21: =IFERROR(Valeurs!$B21-Valeurs!N21,"") -> 5
A22: MPMIUSSA Index | B22: =IFERROR(Valeurs!$B22-Valeurs!C22,"") -> 0 | C22: =IFERROR(Valeurs!$B22-Valeurs!D22,"") -> 3.5 | D22: =IFERROR(Valeurs!$B22-Valeurs!E22,"") -> 3.1 | E22: =IFERROR(Valeurs!$B22-Valeurs!F22,"") -> 2.5 | F22: =IFERROR(Valeurs!$B22-Valeurs!G22,"") -> 2.3 | G22: =IFERROR(Valeurs!$B22-Valeurs!H22,"") -> 3.4 | H22: =IFERROR(Valeurs!$B22-Valeurs!I22,"") -> 4 | I22: =IFERROR(Valeurs!$B22-Valeurs!J22,"") -> 4.2 | ... M22: =IFERROR(Valeurs!$B22-Valeurs!N22,"") -> 0.4
A23: NAPMNMI Index | B23: =IFERROR(Valeurs!$B23-Valeurs!C23,"") -> 0 | C23: =IFERROR(Valeurs!$B23-Valeurs!D23,"") -> 4.4 | D23: =IFERROR(Valeurs!$B23-Valeurs!E23,"") -> 2.4 | E23: =IFERROR(Valeurs!$B23-Valeurs!F23,"") -> 1.2 | F23: =IFERROR(Valeurs!$B23-Valeurs!G23,"") -> 0.4 | G23: =IFERROR(Valeurs!$B23-Valeurs!H23,"") -> 3.3 | H23: =IFERROR(Valeurs!$B23-Valeurs!I23,"") -> 1.3 | I23: =IFERROR(Valeurs!$B23-Valeurs!J23,"") -> 1.9 | ... M23: =IFERROR(Valeurs!$B23-Valeurs!N23,"") -> 0.2
... A29: LEI YOY Index | B29: =IFERROR(Valeurs!$B29-Valeurs!C29,"") -> 0 | C29: =IFERROR(Valeurs!$B29-Valeurs!D29,"") -> 0 | D29: =IFERROR(Valeurs!$B29-Valeurs!E29,"") -> 0.1 | E29: =IFERROR(Valeurs!$B29-Valeurs!F29,"") -> 1 | F29: =IFERROR(Valeurs!$B29-Valeurs!G29,"") -> 1.8 | G29: =IFERROR(Valeurs!$B29-Valeurs!H29,"") -> 1.8 | H29: =IFERROR(Valeurs!$B29-Valeurs!I29,"") -> 2.2 | I29: =IFERROR(Valeurs!$B29-Valeurs!J29,"") -> 2.7 | ... M29: =IFERROR(Valeurs!$B29-Valeurs!N29,"") -> 2.7
A30: NHSPATOT Index | B30: =IFERROR(Valeurs!$B30/Valeurs!C30-1,"") -> 0 | C30: =IFERROR(Valeurs!$B30/Valeurs!D30-1,"") -> 0 | D30: =IFERROR(Valeurs!$B30/Valeurs!E30-1,"") -> -0.03030303 | E30: =IFERROR(Valeurs!$B30/Valeurs!F30-1,"") -> -0.078694818 | F30: =IFERROR(Valeurs!$B30/Valeurs!G30-1,"") -> -0.045092838 | G30: =IFERROR(Valeurs!$B30/Valeurs!H30-1,"") -> -0.058823529 | H30: =IFERROR(Valeurs!$B30/Valeurs!I30-1,"") -> -0.045092838 | I30: =IFERROR(Valeurs!$B30/Valeurs!J30-1,"") -> -0.061277705 | ... M30: =IFERROR(Valeurs!$B30/Valeurs!N30-1,"") -> -0.035498995
A31: ETSLTOTL Index | B31: =IFERROR(Valeurs!$B31/Valeurs!C31-1,"") -> 0 | C31: =IFERROR(Valeurs!$B31/Valeurs!D31-1,"") -> 0 | D31: =IFERROR(Valeurs!$B31/Valeurs!E31-1,"") -> -0.018957346 | E31: =IFERROR(Valeurs!$B31/Valeurs!F31-1,"") -> -0.054794521 | F31: =IFERROR(Valeurs!$B31/Valeurs!G31-1,"") -> 0.035 | G31: =IFERROR(Valeurs!$B31/Valeurs!H31-1,"") -> 0.067010309 | H31: =IFERROR(Valeurs!$B31/Valeurs!I31-1,"") -> 0.058823529 | I31: =IFERROR(Valeurs!$B31/Valeurs!J31-1,"") -> 0.075324675 | ... M31: =IFERROR(Valeurs!$B31/Valeurs!N31-1,"") -> 0.0072992701
A32: RSTAXMOM Index | B32: =IFERROR(Valeurs!$B32-Valeurs!C32,"") -> 0 | C32: =IFERROR(Valeurs!$B32-Valeurs!D32,"") -> 0 | D32: =IFERROR(Valeurs!$B32-Valeurs!E32,"") -> -0.7 | E32: =IFERROR(Valeurs!$B32-Valeurs!F32,"") -> -0.1 | F32: =IFERROR(Valeurs!$B32-Valeurs!G32,"") -> 1 | G32: =IFERROR(Valeurs!$B32-Valeurs!H32,"") -> -0.1 | H32: =IFERROR(Valeurs!$B32-Valeurs!I32,"") -> 0.2 | I32: =IFERROR(Valeurs!$B32-Valeurs!J32,"") -> 0.2 | ... M32: =IFERROR(Valeurs!$B32-Valeurs!N32,"") -> 0.1
A33: RSTAXYOY Index | B33: =IFERROR(Valeurs!$B33-Valeurs!C33,"") -> 0 | C33: =IFERROR(Valeurs!$B33-Valeurs!D33,"") -> 0 | D33: =IFERROR(Valeurs!$B33-Valeurs!E33,"") -> -0.4 | E33: =IFERROR(Valeurs!$B33-Valeurs!F33,"") -> 1.6 | F33: =IFERROR(Valeurs!$B33-Valeurs!G33,"") -> 2.7 | G33: =IFERROR(Valeurs!$B33-Valeurs!H33,"") -> -1 | H33: =IFERROR(Valeurs!$B33-Valeurs!I33,"") -> 0 | I33: =IFERROR(Valeurs!$B33-Valeurs!J33,"") -> 1 | ... M33: =IFERROR(Valeurs!$B33-Valeurs!N33,"") -> 2.9
A34: SAARTOTL Index | B34: =IFERROR(Valeurs!$B34/Valeurs!C34-1,"") -> 0 | C34: =IFERROR(Valeurs!$B34/Valeurs!D34-1,"") -> 0.010165184 | D34: =IFERROR(Valeurs!$B34/Valeurs!E34-1,"") -> 0.026468689 | E34: =IFERROR(Valeurs!$B34/Valeurs!F34-1,"") -> 0.0056925996 | F34: =IFERROR(Valeurs!$B34/Valeurs!G34-1,"") -> 0.06 | G34: =IFERROR(Valeurs!$B34/Valeurs!H34-1,"") -> 0.0044219836 | H34: =IFERROR(Valeurs!$B34/Valeurs!I34-1,"") -> 0.037859008 | I34: =IFERROR(Valeurs!$B34/Valeurs!J34-1,"") -> 0.025806452 | ... M34: =IFERROR(Valeurs!$B34/Valeurs!N34-1,"") -> 0.014030612
A35: PITLYOY Index | B35: =IFERROR(Valeurs!$B35-Valeurs!C35,"") -> 0 | C35: =IFERROR(Valeurs!$B35-Valeurs!D35,"") -> 0 | D35: =IFERROR(Valeurs!$B35-Valeurs!E35,"") -> 0.1 | E35: =IFERROR(Valeurs!$B35-Valeurs!F35,"") -> 0.2 | F35: =IFERROR(Valeurs!$B35-Valeurs!G35,"") -> -0.1 | G35: =IFERROR(Valeurs!$B35-Valeurs!H35,"") -> 0 | H35: =IFERROR(Valeurs!$B35-Valeurs!I35,"") -> 0.1 | I35: =IFERROR(Valeurs!$B35-Valeurs!J35,"") -> 0.2 | ... M35: =IFERROR(Valeurs!$B35-Valeurs!N35,"") -> -0.9
A36: PCE CHY% Index | B36: =IFERROR(Valeurs!$B36-Valeurs!C36,"") -> 0 | C36: =IFERROR(Valeurs!$B36-Valeurs!D36,"") -> 0 | D36: =IFERROR(Valeurs!$B36-Valeurs!E36,"") -> -0.2 | E36: =IFERROR(Valeurs!$B36-Valeurs!F36,"") -> 0.4 | F36: =IFERROR(Valeurs!$B36-Valeurs!G36,"") -> 0.7 | G36: =IFERROR(Valeurs!$B36-Valeurs!H36,"") -> -0.7 | H36: =IFERROR(Valeurs!$B36-Valeurs!I36,"") -> -0.3 | I36: =IFERROR(Valeurs!$B36-Valeurs!J36,"") -> 0.5 | ... M36: =IFERROR(Valeurs!$B36-Valeurs!N36,"") -> 0.5
A37: PCE CHNC Index | B37: =IFERROR(Valeurs!$B37-Valeurs!C37,"") -> 0 | C37: =IFERROR(Valeurs!$B37-Valeurs!D37,"") -> 0 | D37: =IFERROR(Valeurs!$B37-Valeurs!E37,"") -> -0.5 | E37: =IFERROR(Valeurs!$B37-Valeurs!F37,"") -> -0.4 | F37: =IFERROR(Valeurs!$B37-Valeurs!G37,"") -> 0.2 | G37: =IFERROR(Valeurs!$B37-Valeurs!H37,"") -> -0.6 | H37: =IFERROR(Valeurs!$B37-Valeurs!I37,"") -> -0.5 | I37: =IFERROR(Valeurs!$B37-Valeurs!J37,"") -> -0.3 | ... M37: =IFERROR(Valeurs!$B37-Valeurs!N37,"") -> -0.4
A38: CONCCONF Index | B38: =IFERROR(Valeurs!$B38-Valeurs!C38,"") -> 0 | C38: =IFERROR(Valeurs!$B38-Valeurs!D38,"") -> 4.5 | D38: =IFERROR(Valeurs!$B38-Valeurs!E38,"") -> -1.1 | E38: =IFERROR(Valeurs!$B38-Valeurs!F38,"") -> -2.8 | F38: =IFERROR(Valeurs!$B38-Valeurs!G38,"") -> -8.9 | G38: =IFERROR(Valeurs!$B38-Valeurs!H38,"") -> -6 | H38: =IFERROR(Valeurs!$B38-Valeurs!I38,"") -> 1 | I38: =IFERROR(Valeurs!$B38-Valeurs!J38,"") -> 2.9 | ... M38: =IFERROR(Valeurs!$B38-Valeurs!N38,"") -> -8.1
A39: CONSSENT Index | B39: =IFERROR(Valeurs!$B39-Valeurs!C39,"") -> -3.5 | C39: =IFERROR(Valeurs!$B39-Valeurs!D39,"") -> -11.6 | D39: =IFERROR(Valeurs!$B39-Valeurs!E39,"") -> -13.8 | E39: =IFERROR(Valeurs!$B39-Valeurs!F39,"") -> -11.3 | F39: =IFERROR(Valeurs!$B39-Valeurs!G39,"") -> -13.4 | G39: =IFERROR(Valeurs!$B39-Valeurs!H39,"") -> -4.1 | H39: =IFERROR(Valeurs!$B39-Valeurs!I39,"") -> 4.3 | I39: =IFERROR(Valeurs!$B39-Valeurs!J39,"") -> 1.8 | ... M39: =IFERROR(Valeurs!$B39-Valeurs!N39,"") -> 1.4
A40: SPX INDEX | B40: =IFERROR(Valeurs!$B40/Valeurs!C40-1,"") -> 0.021018667 | C40: =IFERROR(Valeurs!$B40/Valeurs!D40-1,"") -> 0.053740428 | D40: =IFERROR(Valeurs!$B40/Valeurs!E40-1,"") -> 0.11271134 | E40: =IFERROR(Valeurs!$B40/Valeurs!F40-1,"") -> 0.092079678 | F40: =IFERROR(Valeurs!$B40/Valeurs!G40-1,"") -> 0.11641032 | G40: =IFERROR(Valeurs!$B40/Valeurs!H40-1,"") -> 0.17915644 | H40: =IFERROR(Valeurs!$B40/Valeurs!I40-1,"") -> 0.18415872 | I40: =IFERROR(Valeurs!$B40/Valeurs!J40-1,"") -> 0.23798078 | ... M40: =IFERROR(Valeurs!$B40/Valeurs!N40-1,"") -> 0.23558025
A41: MXWO INDEX | B41: =IFERROR(Valeurs!$B41/Valeurs!C41-1,"") -> 0.028358868 | C41: =IFERROR(Valeurs!$B41/Valeurs!D41-1,"") -> 0.038940021 | D41: =IFERROR(Valeurs!$B41/Valeurs!E41-1,"") -> 0.099548628 | E41: =IFERROR(Valeurs!$B41/Valeurs!F41-1,"") -> 0.072764739 | F41: =IFERROR(Valeurs!$B41/Valeurs!G41-1,"") -> 0.098206458 | G41: =IFERROR(Valeurs!$B41/Valeurs!H41-1,"") -> 0.15616387 | H41: =IFERROR(Valeurs!$B41/Valeurs!I41-1,"") -> 0.1540558 | I41: =IFERROR(Valeurs!$B41/Valeurs!J41-1,"") -> 0.20854619 | ... M41: =IFERROR(Valeurs!$B41/Valeurs!N41-1,"") -> 0.19384108
A42: CCMP Index | B42: =IFERROR(Valeurs!$B42/Valeurs!C42-1,"") -> 0.0097999421 | C42: =IFERROR(Valeurs!$B42/Valeurs!D42-1,"") -> 0.070493954 | D42: =IFERROR(Valeurs!$B42/Valeurs!E42-1,"") -> 0.10430483 | E42: =IFERROR(Valeurs!$B42/Valeurs!F42-1,"") -> 0.11826456 | F42: =IFERROR(Valeurs!$B42/Valeurs!G42-1,"") -> 0.13226587 | G42: =IFERROR(Valeurs!$B42/Valeurs!H42-1,"") -> 0.19298179 | H42: =IFERROR(Valeurs!$B42/Valeurs!I42-1,"") -> 0.20577335 | I42: =IFERROR(Valeurs!$B42/Valeurs!J42-1,"") -> 0.26453968 | ... M42: =IFERROR(Valeurs!$B42/Valeurs!N42-1,"") -> 0.26559513
A43: FED FUNDS | B43: =IFERROR(Valeurs!$B43-Valeurs!C43,"") -> 0 | C43: =IFERROR(Valeurs!$B43-Valeurs!D43,"") -> 0 | D43: =IFERROR(Valeurs!$B43-Valeurs!E43,"") -> 0 | E43: =IFERROR(Valeurs!$B43-Valeurs!F43,"") -> 0 | F43: =IFERROR(Valeurs!$B43-Valeurs!G43,"") -> 0 | G43: =IFERROR(Valeurs!$B43-Valeurs!H43,"") -> 0 | H43: =IFERROR(Valeurs!$B43-Valeurs!I43,"") -> 0 | I43: =IFERROR(Valeurs!$B43-Valeurs!J43,"") -> 0 | ... M43: =IFERROR(Valeurs!$B43-Valeurs!N43,"") -> 0.25
A44: XAU Curncy | B44: =IFERROR(Valeurs!$B44/Valeurs!C44-1,"") -> 0.0062436938 | C44: =IFERROR(Valeurs!$B44/Valeurs!D44-1,"") -> -0.033785742 | D44: =IFERROR(Valeurs!$B44/Valeurs!E44-1,"") -> -0.011605154 | E44: =IFERROR(Valeurs!$B44/Valeurs!F44-1,"") -> 0.08243425 | F44: =IFERROR(Valeurs!$B44/Valeurs!G44-1,"") -> 0.15893504 | G44: =IFERROR(Valeurs!$B44/Valeurs!H44-1,"") -> 0.16317508 | H44: =IFERROR(Valeurs!$B44/Valeurs!I44-1,"") -> 0.15547479 | I44: =IFERROR(Valeurs!$B44/Valeurs!J44-1,"") -> 0.17810806 | ... M44: =IFERROR(Valeurs!$B44/Valeurs!N44-1,"") -> 0.1936431
A45: CL1 Comdty | B45: =IFERROR(Valeurs!$B45/Valeurs!C45-1,"") -> 0.0013693514 | C45: =IFERROR(Valeurs!$B45/Valeurs!D45-1,"") -> 0.0047464402 | D45: =IFERROR(Valeurs!$B45/Valeurs!E45-1,"") -> -0.027210062 | E45: =IFERROR(Valeurs!$B45/Valeurs!F45-1,"") -> -0.0074037512 | F45: =IFERROR(Valeurs!$B45/Valeurs!G45-1,"") -> 0.015784821 | G45: =IFERROR(Valeurs!$B45/Valeurs!H45-1,"") -> 0.10859978 | H45: =IFERROR(Valeurs!$B45/Valeurs!I45-1,"") -> 0.12613748 | I45: =IFERROR(Valeurs!$B45/Valeurs!J45-1,"") -> 0.059955198 | ... M45: =IFERROR(Valeurs!$B45/Valeurs!N45-1,"") -> 0.084828051
A46: ISIX62IU Index | B46: =IFERROR(Valeurs!$B46/Valeurs!C46-1,"") -> 0.0005952381 | C46: =IFERROR(Valeurs!$B46/Valeurs!D46-1,"") -> -0.087239819 | D46: =IFERROR(Valeurs!$B46/Valeurs!E46-1,"") -> -0.084422658 | E46: =IFERROR(Valeurs!$B46/Valeurs!F46-1,"") -> 0.024895844 | F46: =IFERROR(Valeurs!$B46/Valeurs!G46-1,"") -> -0.19678267 | G46: =IFERROR(Valeurs!$B46/Valeurs!H46-1,"") -> -0.19065961 | H46: =IFERROR(Valeurs!$B46/Valeurs!I46-1,"") -> -0.20104563 | I46: =IFERROR(Valeurs!$B46/Valeurs!J46-1,"") -> -0.17745882 | ... M46: =IFERROR(Valeurs!$B46/Valeurs!N46-1,"") -> -0.086743933
A47: LMCADS03 Comdty | B47: =IFERROR(Valeurs!$B47/Valeurs!C47-1,"") -> 0.001758833 | C47: =IFERROR(Valeurs!$B47/Valeurs!D47-1,"") -> -0.092379078 | D47: =IFERROR(Valeurs!$B47/Valeurs!E47-1,"") -> 0.01043569 | E47: =IFERROR(Valeurs!$B47/Valeurs!F47-1,"") -> 0.067294974 | F47: =IFERROR(Valeurs!$B47/Valeurs!G47-1,"") -> 0.14059371 | G47: =IFERROR(Valeurs!$B47/Valeurs!H47-1,"") -> 0.17108128 | H47: =IFERROR(Valeurs!$B47/Valeurs!I47-1,"") -> 0.13258861 | I47: =IFERROR(Valeurs!$B47/Valeurs!J47-1,"") -> 0.17122293 | ... M47: =IFERROR(Valeurs!$B47/Valeurs!N47-1,"") -> 0.14032505
A48: RTY Index | B48: =IFERROR(Valeurs!$B48/Valeurs!C48-1,"") -> 1.2858505e-05 | C48: =IFERROR(Valeurs!$B48/Valeurs!D48-1,"") -> -0.03515839 | D48: =IFERROR(Valeurs!$B48/Valeurs!E48-1,"") -> 0.038033376 | E48: =IFERROR(Valeurs!$B48/Valeurs!F48-1,"") -> -0.0084773273 | F48: =IFERROR(Valeurs!$B48/Valeurs!G48-1,"") -> -0.0052687402 | G48: =IFERROR(Valeurs!$B48/Valeurs!H48-1,"") -> 0.056904628 | H48: =IFERROR(Valeurs!$B48/Valeurs!I48-1,"") -> 0.018591758 | I48: =IFERROR(Valeurs!$B48/Valeurs!J48-1,"") -> 0.12474816 | ... M48: =IFERROR(Valeurs!$B48/Valeurs!N48-1,"") -> 0.036266143
A49: BITCOIN Index | B49: =IFERROR(Valeurs!$B49/Valeurs!C49-1,"") -> -0.079370532 | C49: =IFERROR(Valeurs!$B49/Valeurs!D49-1,"") -> -0.083981549 | D49: =IFERROR(Valeurs!$B49/Valeurs!E49-1,"") -> 0.0038873209 | E49: =IFERROR(Valeurs!$B49/Valeurs!F49-1,"") -> -0.10935831 | F49: =IFERROR(Valeurs!$B49/Valeurs!G49-1,"") -> 0.18301402 | G49: =IFERROR(Valeurs!$B49/Valeurs!H49-1,"") -> 0.43801317 | H49: =IFERROR(Valeurs!$B49/Valeurs!I49-1,"") -> 0.45243895 | I49: =IFERROR(Valeurs!$B49/Valeurs!J49-1,"") -> 0.68145803 | ... M49: =IFERROR(Valeurs!$B49/Valeurs!N49-1,"") -> 1.0525389
A50: ETHEREUM Index | B50: =IFERROR(Valeurs!$B50/Valeurs!C50-1,"") -> -0.065313116 | C50: =IFERROR(Valeurs!$B50/Valeurs!D50-1,"") -> 0.075258253 | D50: =IFERROR(Valeurs!$B50/Valeurs!E50-1,"") -> 0.10403552 | E50: =IFERROR(Valeurs!$B50/Valeurs!F50-1,"") -> -0.10294929 | F50: =IFERROR(Valeurs!$B50/Valeurs!G50-1,"") -> 0.19291186 | G50: =IFERROR(Valeurs!$B50/Valeurs!H50-1,"") -> 0.30750478 | H50: =IFERROR(Valeurs!$B50/Valeurs!I50-1,"") -> 0.47420478 | I50: =IFERROR(Valeurs!$B50/Valeurs!J50-1,"") -> 0.70647269 | ... M50: =IFERROR(Valeurs!$B50/Valeurs!N50-1,"") -> 0.75779819
A51: S5FINL Index (R1) | B51: =IFERROR(Valeurs!$B51/Valeurs!C51-1,"") -> -0.0081417898 | C51: =IFERROR(Valeurs!$B51/Valeurs!D51-1,"") -> -0.0081417898 | D51: =IFERROR(Valeurs!$B51/Valeurs!E51-1,"") -> -0.0081417898 | E51: =IFERROR(Valeurs!$B51/Valeurs!F51-1,"") -> 0.11057715 | F51: =IFERROR(Valeurs!$B51/Valeurs!G51-1,"") -> 0.11057715 | G51: =IFERROR(Valeurs!$B51/Valeurs!H51-1,"") -> 0.11057715 | H51: =IFERROR(Valeurs!$B51/Valeurs!I51-1,"") -> 0.25979788 | I51: =IFERROR(Valeurs!$B51/Valeurs!J51-1,"") -> 0.25979788 | ... M51: =IFERROR(Valeurs!$B51/Valeurs!N51-1,"") -> 0.23970344
A52: S5INFT Index (R2) | B52: =IFERROR(Valeurs!$B52/Valeurs!C52-1,"") -> 0.1292943 | C52: =IFERROR(Valeurs!$B52/Valeurs!D52-1,"") -> 0.1292943 | D52: =IFERROR(Valeurs!$B52/Valeurs!E52-1,"") -> 0.1292943 | E52: =IFERROR(Valeurs!$B52/Valeurs!F52-1,"") -> 0.27020511 | F52: =IFERROR(Valeurs!$B52/Valeurs!G52-1,"") -> 0.27020511 | G52: =IFERROR(Valeurs!$B52/Valeurs!H52-1,"") -> 0.27020511 | H52: =IFERROR(Valeurs!$B52/Valeurs!I52-1,"") -> 0.48511475 | I52: =IFERROR(Valeurs!$B52/Valeurs!J52-1,"") -> 0.48511475 | ... M52: =IFERROR(Valeurs!$B52/Valeurs!N52-1,"") -> 0.39835183
A53: S5HLTH Index (L1) | B53: =IFERROR(Valeurs!$B53/Valeurs!C53-1,"") -> -0.0026740605 | C53: =IFERROR(Valeurs!$B53/Valeurs!D53-1,"") -> -0.0026740605 | D53: =IFERROR(Valeurs!$B53/Valeurs!E53-1,"") -> -0.0026740605 | E53: =IFERROR(Valeurs!$B53/Valeurs!F53-1,"") -> 0.08111371 | F53: =IFERROR(Valeurs!$B53/Valeurs!G53-1,"") -> 0.08111371 | G53: =IFERROR(Valeurs!$B53/Valeurs!H53-1,"") -> 0.08111371 | H53: =IFERROR(Valeurs!$B53/Valeurs!I53-1,"") -> 0.14530848 | I53: =IFERROR(Valeurs!$B53/Valeurs!J53-1,"") -> 0.14530848 | ... M53: =IFERROR(Valeurs!$B53/Valeurs!N53-1,"") -> 0.110253
A54: S5COND Index (L1) | B54: =IFERROR(Valeurs!$B54/Valeurs!C54-1,"") -> -0.00095840617 | C54: =IFERROR(Valeurs!$B54/Valeurs!D54-1,"") -> -0.00095840617 | D54: =IFERROR(Valeurs!$B54/Valeurs!E54-1,"") -> -0.00095840617 | E54: =IFERROR(Valeurs!$B54/Valeurs!F54-1,"") -> 0.046526407 | F54: =IFERROR(Valeurs!$B54/Valeurs!G54-1,"") -> 0.046526407 | G54: =IFERROR(Valeurs!$B54/Valeurs!H54-1,"") -> 0.046526407 | H54: =IFERROR(Valeurs!$B54/Valeurs!I54-1,"") -> 0.17410451 | I54: =IFERROR(Valeurs!$B54/Valeurs!J54-1,"") -> 0.17410451 | ... M54: =IFERROR(Valeurs!$B54/Valeurs!N54-1,"") -> 0.11538428
A55: S5TELS Index (R1) | B55: =IFERROR(Valeurs!$B55/Valeurs!C55-1,"") -> 0.080973654 | C55: =IFERROR(Valeurs!$B55/Valeurs!D55-1,"") -> 0.080973654 | D55: =IFERROR(Valeurs!$B55/Valeurs!E55-1,"") -> 0.080973654 | E55: =IFERROR(Valeurs!$B55/Valeurs!F55-1,"") -> 0.24922764 | F55: =IFERROR(Valeurs!$B55/Valeurs!G55-1,"") -> 0.24922764 | G55: =IFERROR(Valeurs!$B55/Valeurs!H55-1,"") -> 0.24922764 | H55: =IFERROR(Valeurs!$B55/Valeurs!I55-1,"") -> 0.38297106 | I55: =IFERROR(Valeurs!$B55/Valeurs!J55-1,"") -> 0.38297106 | ... M55: =IFERROR(Valeurs!$B55/Valeurs!N55-1,"") -> 0.42220474
... A61: S5RLST Index (R1) | B61: =IFERROR(Valeurs!$B61/Valeurs!C61-1,"") -> -0.020591554 | C61: =IFERROR(Valeurs!$B61/Valeurs!D61-1,"") -> -0.020591554 | D61: =IFERROR(Valeurs!$B61/Valeurs!E61-1,"") -> -0.020591554 | E61: =IFERROR(Valeurs!$B61/Valeurs!F61-1,"") -> -0.033905716 | F61: =IFERROR(Valeurs!$B61/Valeurs!G61-1,"") -> -0.033905716 | G61: =IFERROR(Valeurs!$B61/Valeurs!H61-1,"") -> -0.033905716 | H61: =IFERROR(Valeurs!$B61/Valeurs!I61-1,"") -> 0.13670377 | I61: =IFERROR(Valeurs!$B61/Valeurs!J61-1,"") -> 0.13670377 | ... M61: =IFERROR(Valeurs!$B61/Valeurs!N61-1,"") -> 0.026957367
A64: Méthode — pour chaque horizon N, on compare la dernière valeur connue à la date de référence à la dernière valeur connue à la date de référence moins N mois (EDATE). Les valeurs sous-jacentes sont visibles dans l'onglet Valeurs.
A65: Unités — variation en % pour les prix et les niveaux ; écart en points (pt) pour les taux, ratios et indices de diffusion ; écart en milliers (k) pour les créations d'emplois. Le détail série par série figure dans l'onglet Légende.
A66: Lecture — une case à 0 signifie qu'aucune nouvelle publication n'est intervenue sur l'horizon (fréquent sur les séries trimestrielles : PIB, Fed Funds, secteurs S&P). Une case vide signifie que la série n'avait pas encore démarré.
A67: Couleurs — vert : variation positive ; rouge : variation négative. Le code couleur suit strictement le signe, pas l'interprétation économique (une hausse du chômage ressort donc en vert).
A68: Source — fichier Data_in_value.csv fourni par l'utilisateur : 58 séries, 13 833 lignes, du 30/09/1954 au 17/07/2024. Aucune donnée n'a été ajoutée ni extrapolée.
A69: =COUNT(B4:M61)&" / 696 cases calculées à cette date de référence" -> 696 / 696 cases calculées à cette date de référence

Sheet Données
A1: GDP CQOQ Index — Date | B1: GDP CQOQ Index — Valeur | C1: GDP CYOY Index — Date | D1: GDP CYOY Index — Valeur | E1: GDP CURY Index — Date | F1: GDP CURY Index — Valeur | G1: GDP PIQQ Index — Date | H1: GDP PIQQ Index — Valeur | I1: USURTOT Index — Date | J1: USURTOT Index — Valeur | K1: NFP TCH Index — Date | L1: NFP TCH Index — Valeur | M1: ADP CHNG Index — Date | N1: ADP CHNG Index — Valeur | O1: LEI WKIJ Index — Date | P1: LEI WKIJ Index — Valeur | Q1: USHEYOY Index — Date | R1: USHEYOY Index — Valeur | S1: CPI XYOY Index — Date | T1: CPI XYOY Index — Valeur | U1: PCE CYOY Index — Date | V1: PCE CYOY Index — Valeur | W1: PPI XYOY Index — Date | X1: PPI XYOY Index — Valeur | Y1: IP YOY Index — Date | Z1: IP YOY Index — Valeur | AA1: CPTICHNG Index — Date | AB1: CPTICHNG Index — Valeur | AC1: DGNOYOY Index — Date | AD1: DGNOYOY Index — Valeur | AE1: MPMIUSCA Index — Date | AF1: MPMIUSCA Index — Valeur | AG1: NAPMPMI Index — Date | AH1: NAPMPMI Index — Valeur | AI1: MPMIUSMA Index — Date | AJ1: MPMIUSMA Index — Valeur | AK1: MPMIUSSA Index — Date | AL1: MPMIUSSA Index — Valeur | AM1: NAPMNMI Index — Date | AN1: NAPMNMI Index — Valeur | AO1: CFNAI Index — Date | AP1: CFNAI Index — Valeur | AQ1: OUTFGAF Index — Date | AR1: OUTFGAF Index — Valeur | AS1: EMPRGBCI Index — Date | AT1: EMPRGBCI Index — Valeur | AU1: RCHSINDX Index — Date | AV1: RCHSINDX Index — Valeur | AW1: CHPMINDX Index — Date | AX1: CHPMINDX Index — Valeur | AY1: LEI YOY Index — Date | AZ1: LEI YOY Index — Valeur | BA1: NHSPATOT Index — Date | BB1: NHSPATOT Index — Valeur | BC1: ETSLTOTL Index — Date | BD1: ETSLTOTL Index — Valeur | BE1: RSTAXMOM Index — Date | BF1: RSTAXMOM Index — Valeur | BG1: RSTAXYOY Index — Date | BH1: RSTAXYOY Index — Valeur | BI1: SAARTOTL Index — Date | BJ1: SAARTOTL Index — Valeur | BK1: PITLYOY Index — Date | BL1: PITLYOY Index — Valeur | BM1: PCE CHY% Index — Date | BN1: PCE CHY% Index — Valeur | BO1: PCE CHNC Index — Date | BP1: PCE CHNC Index — Valeur | BQ1: CONCCONF Index — Date | BR1: CONCCONF Index — Valeur | BS1: CONSSENT Index — Date | BT1: CONSSENT Index — Valeur | BU1: SPX INDEX — Date | BV1: SPX INDEX — Valeur | BW1: MXWO INDEX — Date | BX1: MXWO INDEX — Valeur | BY1: CCMP Index — Date | BZ1: CCMP Index — Valeur | CA1: FED FUNDS — Date | CB1: FED FUNDS — Valeur | CC1: XAU Curncy — Date | CD1: XAU Curncy — Valeur | CE1: CL1 Comdty — Date | CF1: CL1 Comdty — Valeur | CG1: ISIX62IU Index — Date | CH1: ISIX62IU Index — Valeur | CI1: LMCADS03 Comdty — Date | CJ1: LMCADS03 Comdty — Valeur | CK1: RTY Index — Date | CL1: RTY Index — Valeur | CM1: BITCOIN Index — Date | CN1: BITCOIN Index — Valeur | CO1: ETHEREUM Index — Date | CP1: ETHEREUM Index — Valeur | CQ1: S5FINL Index (R1) — Date | CR1: S5FINL Index (R1) — Valeur | CS1: S5INFT Index (R2) — Date | CT1: S5INFT Index (R2) — Valeur | CU1: S5HLTH Index (L1) — Date | CV1: S5HLTH Index (L1) — Valeur | CW1: S5COND Index (L1) — Date | CX1: S5COND Index (L1) — Valeur | CY1: S5TELS Index (R1) — Date | CZ1: S5TELS Index (R1) — Valeur | DA1: S5INDU Index (L1) — Date | DB1: S5INDU Index (L1) — Valeur | DC1: S5CONS Index (L1) — Date | DD1: S5CONS Index (L1) — Valeur | DE1: S5ENRS Index (L1) — Date | DF1: S5ENRS Index (L1) — Valeur | DG1: S5UTIL Index (R1) — Date | DH1: S5UTIL Index (R1) — Valeur | DI1: S5MATR Index (R1) — Date | DJ1: S5MATR Index (R1) — Valeur | DK1: S5RLST Index (R1) — Date | DL1: S5RLST Index (R1) — Valeur
A2: 25658 | B2: -0.6 | C2: 25658 | D2: 0.3 | E2: 25658 | F2: 5.8 | G2: 25658 | H2: 5.6 | I2: 25599 | J2: 3.9 | K2: 25599 | L2: -65 | M2: 40237 | N2: -45 | O2: 25599 | P2: 251.3 | Q2: 25599 | R2: 6.1 | S2: 25599 | T2: 6.2 | U2: 25599 | V2: 4.70005 | W2: 27060 | X2: 5.5 | Y2: 25599 | Z2: -0.68 | AA2: 25599 | AB2: 83.6586 | AC2: 33663 | AD2: -3.2 | AE2: 44377 | AF2: 63.7 | AG2: 25599 | AH2: 48.7 | AI2: 44377 | AJ2: 62.1 | AK2: 44377 | AL2: 64.6 | AM2: 35642 | AN2: 56.7 | AO2: 25599 | AP2: -1.33 | AQ2: 25599 | AR2: -13.1 | AS2: 37103 | AT2: -13.3 | AU2: 34303 | AV2: 8 | AW2: 25599 | AX2: 45.2 | AY2: 25599 | AZ2: -3.2 | BA2: 25599 | BB2: 1062 | BC2: 36191 | BD2: 5.23 | BE2: 33663 | BF2: -0.2 | BG2: 34000 | BH2: 5.3 | BI2: 27790 | BJ2: 12.5 | BK2: 25599 | BL2: 9.1 | BM2: 36556 | BN2: 5.4 | BO2: 32932 | BP2: -0.5 | BQ2: 25627 | BR2: 101.7 | BS2: 28521 | BT2: 83.7 | BU2: 25570 | BV2: 93 | BW2: 25575 | BX2: 100.67 | BY2: 25969 | BZ2: 100 | CA2: 19997 | CB2: 1.07 | CC2: 25658 | CD2: 35.09 | CE2: 30405 | CF2: 29.4 | CG2: 40899 | CH2: 135.6 | CI2: 31503 | CJ2: 1466.8 | CK2: 28853 | CL2: 40.237 | CM2: 40378 | CN2: 0.1 | CO2: 42738 | CP2: 10 | CQ2: 32780 | CR2: 82.76 | CS2: 32780 | CT2: 70.58 | CU2: 32780 | CV2: 68.33 | CW2: 32780 | CX2: 75.8588 | CY2: 32780 | CZ2: 92.56 | DA2: 32780 | DB2: 75.36 | DC2: 32780 | DD2: 58.93 | DE2: 32780 | DF2: 82.42 | DG2: 32780 | DH2: 95.71 | DI2: 32780 | DJ2: 78.8 | DK2: 37256 | DL2: 97.15
A3: 25749 | B3: 0.6 | C3: 25749 | D3: 0.2 | E3: 25749 | F3: 5.8 | G3: 25749 | H3: 5.9 | I3: 25627 | J3: 4.2 | K3: 25627 | L3: 129 | M3: 40268 | N3: 5 | O3: 25627 | P3: 258.5 | Q3: 25627 | R3: 6.1 | S3: 25627 | T3: 6.1 | U3: 25627 | V3: 4.74111 | W3: 27088 | X3: 5.7 | Y3: 25627 | Z3: -1.37 | AA3: 25627 | AB3: 83.3422 | AC3: 33694 | AD3: 6.8 | AE3: 44408 | AF3: 59.9 | AG3: 25627 | AH3: 47.4 | AI3: 44408 | AJ3: 63.4 | AK3: 44408 | AL3: 59.9 | AM3: 35673 | AN3: 62 | AO3: 25627 | AP3: -0.15 | AQ3: 25627 | AR3: -18.1 | AS3: 37134 | AT3: -8 | AU3: 34334 | AV3: 12 | AW3: 25627 | AX3: 43 | AY3: 25627 | AZ3: -4.3 | BA3: 25627 | BB3: 1118 | BC3: 36219 | BD3: 5.1 | BE3: 33694 | BF3: 0 | BG3: 34028 | BH3: 5.1 | BI3: 27819 | BJ3: 13 | BK3: 25627 | BL3: 9.1 | BM3: 36585 | BN3: 5.8 | BO3: 32963 | BP3: 0.3 | BQ3: 25688 | BR3: 98 | BS3: 28549 | BT3: 84.3 | BU3: 25573 | BV3: 93.46 | BW3: 25582 | BX3: 99.77 | BY3: 25976 | BZ3: 102.05 | CA3: 20089 | CB3: 1.28 | CC3: 25688 | CD3: 35.62 | CE3: 30406 | CF3: 29.29 | CG3: 40900 | CH3: 135.8 | CI3: 31504 | CJ3: 1453.3 | CK3: 28857 | CL3: 40.523 | CM3: 40379 | CN3: 0.09 | CO3: 42739 | CP3: 11.13 | CQ3: 32871 | CR3: 76.14 | CS3: 32871 | CT3: 64.7 | CU3: 32871 | CV3: 72.56 | CW3: 32871 | CX3: 71.2032 | CY3: 32871 | CZ3: 99.89 | DA3: 32871 | DB3: 75.11 | DC3: 32871 | DD3: 62.33 | DE3: 32871 | DF3: 91.62 | DG3: 32871 | DH3: 103.76 | DI3: 32871 | DJ3: 78.08 | DK3: 37344 | DL3: 96.29
A4: 25841 | B4: 3.7 | C4: 25841 | D4: 0.4 | E4: 25841 | F4: 5.4 | G4: 25841 | H4: 3.3 | I4: 25658 | J4: 4.4 | K4: 25658 | L4: 146 | M4: 40298 | N4: 287 | O4: 25658 | P4: 268.3 | Q4: 25658 | R4: 6.3 | S4: 25658 | T4: 6.1 | U4: 25658 | V4: 4.64141 | W4: 27119 | X4: 6.5 | Y4: 25658 | Z4: -2.27 | AA4: 25658 | AB4: 82.9743 | AC4: 33724 | AD4: 7.6 | AE4: 44439 | AF4: 55.4 | AG4: 25658 | AH4: 46.9 | AI4: 44439 | AJ4: 61.1 | AK4: 44439 | AL4: 55.1 | AM4: 35703 | AN4: 56.2 | AO4: 25658 | AP4: -0.57 | AQ4: 25658 | AR4: -31.2 | AS4: 37164 | AT4: -12.5 | AU4: 34365 | AV4: 16 | AW4: 25658 | AX4: 41.4 | AY4: 25658 | AZ4: -5 | BA4: 25658 | BB4: 1132 | BC4: 36250 | BD4: 5.15 | BE4: 33724 | BF4: 0.4 | BG4: 34059 | BH4: 4.6 | BI4: 27850 | BJ4: 13.1 | BK4: 25658 | BL4: 8.7 | BM4: 36616 | BN4: 6 | BO4: 32993 | BP4: 0.2 | BQ4: 25749 | BR4: 88.1 | BS4: 28580 | BT4: 78.8 | BU4: 25574 | BV4: 92.82 | BW4: 25589 | BX4: 98.38 | BY4: 25983 | BZ4: 100.7 | CA4: 20179 | CB4: 1.35 | CC4: 25717 | CD4: 35.95 | CE4: 30410 | CF4: 29.44 | CG4: 40903 | CH4: 136.2 | CI4: 31505 | CJ4: 1435 | CK4: 28858 | CL4: 41.247 | CM4: 40380 | CN4: 0.1 | CO4: 42740 | CP4: 10.6 | CQ4: 32962 | CR4: 68.03 | CS4: 32962 | CT4: 70.06 | CU4: 32962 | CV4: 68.07 | CW4: 32962 | CX4: 69.6771 | CY4: 32962 | CZ4: 90.85 | DA4: 32962 | DB4: 76.11 | DC4: 32962 | DD4: 58.61 | DE4: 32962 | DF4: 90.07 | DG4: 32962 | DH4: 95.7 | DI4: 32962 | DJ4: 73.57 | DK4: 37435 | DL4: 97.62
A5: 25933 | B5: -4.2 | C5: 25933 | D5: -0.2 | E5: 25933 | F5: 4.9 | G5: 25933 | H5: 5.3 | I5: 25688 | J5: 4.6 | K5: 25688 | L5: -103 | M5: 40329 | N5: 95 | O5: 25688 | P5: 340.5 | Q5: 25688 | R5: 6 | S5: 25688 | T5: 5.8 | U5: 25688 | V5: 4.65464 | W5: 27149 | X5: 7.1 | Y5: 25688 | Z5: -2.16 | AA5: 25688 | AB5: 82.5037 | AC5: 33755 | AD5: 5.4 | AE5: 44469 | AF5: 55 | AG5: 25688 | AH5: 45 | AI5: 44469 | AJ5: 60.7 | AK5: 44469 | AL5: 54.9 | AM5: 35734 | AN5: 56.6 | AO5: 25688 | AP5: -0.69 | AQ5: 25688 | AR5: -16.9 | AS5: 37195 | AT5: -14.7 | AU5: 34393 | AV5: 5 | AW5: 25688 | AX5: 38.9 | AY5: 25688 | AZ5: -6.5 | BA5: 25688 | BB5: 1224 | BC5: 36280 | BD5: 5.08 | BE5: 33755 | BF5: 0.2 | BG5: 34089 | BH5: 5.6 | BI5: 27880 | BJ5: 12.9 | BK5: 25688 | BL5: 9.6 | BM5: 36646 | BN5: 5.2 | BO5: 33024 | BP5: -0.1 | BQ5: 25811 | BR5: 91 | BS5: 28610 | BT5: 81.6 | BU5: 25575 | BV5: 92.63 | BW5: 25596 | BX5: 95.91 | BY5: 25990 | BZ5: 101.34 | CA5: 20270 | CB5: 1.64 | CC5: 25749 | CD5: 35.44 | CE5: 30411 | CF5: 29.71 | CG5: 40904 | CH5: 136.3 | CI5: 31506 | CJ5: 1432 | CK5: 28859 | CL5: 41.863 | CM5: 40381 | CN5: 0.06 | CO5: 42741 | CP5: 10.71 | CQ5: 33053 | CR5: 70.42 | CS5: 33053 | CT5: 76.6 | CU5: 33053 | CV5: 80.36 | CW5: 33053 | CX5: 73.775 | CY5: 33053 | CZ5: 89.1 | DA5: 33053 | DB5: 79.49 | DC5: 33053 | DD5: 67.71 | DE5: 33053 | DF5: 89.83 | DG5: 33053 | DH5: 94.69 | DI5: 33053 | DJ5: 72.67 | DK5: 37529 | DL5: 83.37
A6: 26023 | B6: 11.3 | C6: 26023 | D6: 2.7 | E6: 26023 | F6: 8 | G6: 26023 | H6: 6.2 | I6: 25719 | J6: 4.8 | K6: 25719 | L6: -224 | M6: 40359 | N6: 22 | O6: 25719 | P6: 304.5 | Q6: 25719 | R6: 6 | S6: 25719 | T6: 6 | U6: 25719 | V6: 4.60519 | W6: 27180 | X6: 8.8 | Y6: 25719 | Z6: -1.9 | AA6: 25719 | AB6: 82.152 | AC6: 33785 | AD6: 6.6 | AE6: 44500 | AF6: 57.6 | AG6: 25719 | AH6: 47.2 | AI6: 44500 | AJ6: 58.4 | AK6: 44500 | AL6: 58.7 | AM6: 35764 | AN6: 58.5 | AO6: 25719 | AP6: -0.32 | AQ6: 25719 | AR6: -21.5 | AS6: 37225 | AT6: -21.5 | AU6: 34424 | AV6: 19 | AW6: 25719 | AX6: 34.9 | AY6: 25719 | AZ6: -5.9 | BA6: 25719 | BB6: 1328 | BC6: 36311 | BD6: 5.19 | BE6: 33785 | BF6: 0 | BG6: 34120 | BH6: 6.2 | BI6: 27911 | BJ6: 12.6 | BK6: 25719 | BL6: 8.5 | BM6: 36677 | BN6: 5.3 | BO6: 33054 | BP6: 0.3 | BQ6: 25872 | BR6: 83.2 | BS6: 28641 | BT6: 82.9 | BU6: 25576 | BV6: 92.68 | BW6: 25598 | BX6: 94.25 | BY6: 25997 | BZ6: 103 | CA6: 20362 | CB6: 2.18 | CC6: 25780 | CD6: 35.32 | CE6: 30412 | CF6: 29.9 | CG6: 40905 | CH6: 136.5 | CI6: 31509 | CJ6: 1438.5 | CK6: 28860 | CL6: 42.422 | CM6: 40382 | CN6: 0.08 | CO6: 42744 | CP6: 10.88 | CQ6: 33144 | CR6: 51.02 | CS6: 33144 | CT6: 59.43 | CU6: 33144 | CV6: 73.37 | CW6: 33144 | CX6: 55.6584 | CY6: 33144 | CZ6: 79.98 | DA6: 33144 | DB6: 62.76 | DC6: 33144 | DD6: 60.95 | DE6: 33144 | DF6: 93.06 | DG6: 33144 | DH6: 88.08 | DI6: 33144 | DJ6: 61.51 | DK6: 37621 | DL6: 82.48
A7: 26114 | B7: 2.2 | C7: 26114 | D7: 3.1 | E7: 26114 | F7: 8.3 | G7: 26114 | H7: 5.5 | I7: 25749 | J7: 4.9 | K7: 25749 | L7: -95 | M7: 40390 | N7: 279 | O7: 25749 | P7: 296.5 | Q7: 25749 | R7: 5.9 | S7: 25749 | T7: 6.5 | U7: 25749 | V7: 4.62011 | W7: 27210 | X7: 10.4 | Y7: 25749 | Z7: -3.16 | AA7: 25749 | AB7: 81.6333 | AC7: 33816 | AD7: -6.9 | AE7: 44530 | AF7: 57.2 | AG7: 25749 | AH7: 51.1 | AI7: 44530 | AJ7: 58.3 | AK7: 44530 | AL7: 58 | AM7: 35795 | AN7: 55.5 | AO7: 25749 | AP7: -0.27 | AQ7: 25749 | AR7: -8.4 | AS7: 37256 | AT7: -9.8 | AU7: 34454 | AV7: 16 | AW7: 25749 | AX7: 43.3 | AY7: 25749 | AZ7: -5.4 | BA7: 25749 | BB7: 1322 | BC7: 36341 | BD7: 5.43 | BE7: 33816 | BF7: 0.6 | BG7: 34150 | BH7: 6.1 | BI7: 27941 | BJ7: 12.7 | BK7: 25749 | BL7: 8.2 | BM7: 36707 | BN7: 5 | BO7: 33085 | BP7: 0.2 | BQ7: 25933 | BR7: 75.7 | BS7: 28671 | BT7: 80 | BU7: 25577 | BV7: 92.4 | BW7: 25603 | BX7: 95.91 | BY7: 26004 | BZ7: 104.5 | CA7: 20453 | CB7: 2.48 | CC7: 25811 | CD7: 35.38 | CE7: 30413 | CF7: 30.17 | CG7: 40906 | CH7: 137.5 | CI7: 31510 | CJ7: 1450.8 | CK7: 28863 | CL7: 42.306 | CM7: 40385 | CN7: 0.08 | CO7: 42745 | CP7: 10.88 | CQ7: 33238 | CR7: 57.56 | CS7: 33238 | CT7: 65.01 | CU7: 33238 | CV7: 82.82 | CW7: 33238 | CX7: 60.5674 | CY7: 33238 | CZ7: 82.24 | DA7: 33238 | DB7: 67.38 | DC7: 33238 | DD7: 70.06 | DE7: 33238 | DF7: 90.34 | DG7: 33238 | DH7: 96.17 | DI7: 33238 | DJ7: 67.2 | DK7: 37711 | DL7: 82.25
A8: 26206 | B8: 3.3 | C8: 26206 | D8: 3 | E8: 26206 | F8: 8.4 | G8: 26206 | H8: 4.1 | I8: 25780 | J8: 5 | K8: 25780 | L8: 24 | M8: 40421 | N8: 83 | O8: 25780 | P8: 282.5 | Q8: 25780 | R8: 5.9 | S8: 25780 | T8: 6.2 | U8: 25780 | V8: 4.53249 | W8: 27241 | X8: 12.1 | Y8: 25780 | Z8: -3.44 | AA8: 25780 | AB8: 81.5815 | AC8: 33847 | AD8: -3.4 | AE8: 44561 | AF8: 57 | AG8: 25780 | AH8: 49.5 | AI8: 44561 | AJ8: 57.7 | AK8: 44561 | AL8: 57.6 | AM8: 35826 | AN8: 57 | AO8: 25780 | AP8: -0.01 | AQ8: 25780 | AR8: 7 | AS8: 37287 | AT8: 1.4 | AU8: 34485 | AV8: 18 | AW8: 25780 | AX8: 46.1 | AY8: 25780 | AZ8: -4.8 | BA8: 25780 | BB8: 1324 | BC8: 36372 | BD8: 5.25 | BE8: 33847 | BF8: 0.9 | BG8: 34181 | BH8: 6.4 | BI8: 27972 | BJ8: 13.1 | BK8: 25780 | BL8: 8.2 | BM8: 36738 | BN8: 4.9 | BO8: 33116 | BP8: 0 | BQ8: 25992 | BR8: 77.4 | BS8: 28702 | BT8: 82.4 | BU8: 25580 | BV8: 91.7 | BW8: 25610 | BX8: 95.47 | BY8: 26011 | BZ8: 105.77 | CA8: 20544 | CB8: 2.5 | CC8: 25841 | CD8: 36.19 | CE8: 30414 | CF8: 30.38 | CG8: 40907 | CH8: 138.2 | CI8: 31511 | CJ8: 1441.7 | CK8: 28864 | CL8: 42.668 | CM8: 40386 | CN8: 0.08 | CO8: 42746 | CP8: 10.15 | CQ8: 33326 | CR8: 72 | CS8: 33326 | CT8: 74.17 | CU8: 33326 | CV8: 98.02 | CW8: 33326 | CX8: 73.4017 | CY8: 33326 | CZ8: 84.53 | DA8: 33326 | DB8: 77.53 | DC8: 33326 | DD8: 82.1 | DE8: 33326 | DF8: 95.4 | DG8: 33326 | DH8: 98.89 | DI8: 33326 | DJ8: 73.08 | DK8: 37802 | DL8: 88.53
A9: 26298 | B9: 0.9 | C9: 26298 | D9: 4.4 | E9: 26298 | F9: 9.3 | G9: 26298 | H9: 3.4 | I9: 25811 | J9: 5.1 | K9: 25811 | L9: -116 | M9: 40451 | N9: 136 | O9: 25811 | P9: 291.5 | Q9: 25811 | R9: 5.9 | S9: 25811 | T9: 6.2 | U9: 25811 | V9: 4.60109 | W9: 27272 | X9: 13.7 | Y9: 25811 | Z9: -3.83 | AA9: 25811 | AB9: 81.1858 | AC9: 33877 | AD9: -0.5 | AE9: 44592 | AF9: 51.1 | AG9: 25811 | AH9: 47.3 | AI9: 44592 | AJ9: 55.5 | AK9: 44592 | AL9: 51.2 | AM9: 35854 | AN9: 56.2 | AO9: 25811 | AP9: -0.56 | AQ9: 25811 | AR9: 6.9 | AS9: 37315 | AT9: 13.3 | AU9: 34515 | AV9: 20 | AW9: 25811 | AX9: 45.8 | AY9: 25811 | AZ9: -4.3 | BA9: 25811 | BB9: 1394 | BC9: 36403 | BD9: 5.23 | BE9: 33877 | BF9: 0.2 | BG9: 34212 | BH9: 5.2 | BI9: 28003 | BJ9: 12.6 | BK9: 25811 | BL9: 7.7 | BM9: 36769 | BN9: 4.9 | BO9: 33146 | BP9: 0 | BQ9: 26053 | BR9: 75.2 | BS9: 28733 | BT9: 78.4 | BU9: 25581 | BV9: 91.79 | BW9: 25617 | BX9: 95.63 | BY9: 26018 | BZ9: 105.07 | CA9: 20635 | CB9: 2.71 | CC9: 25871 | CD9: 37.52 | CE9: 30417 | CF9: 30.26 | CG9: 40914 | CH9: 140.6 | CI9: 31512 | CJ9: 1445.4 | CK9: 28865 | CL9: 42.575 | CM9: 40387 | CN9: 0.08 | CO9: 42747 | CP9: 10.66 | CQ9: 33417 | CR9: 70.63 | CS9: 33417 | CT9: 67.54 | CU9: 33417 | CV9: 96.91 | CW9: 33417 | CX9: 75.4513 | CY9: 33417 | CZ9: 82.78 | DA9: 33417 | DB9: 79.4 | DC9: 33417 | DD9: 78.32 | DE9: 33417 | DF9: 91.54 | DG9: 33417 | DH9: 94.37 | DI9: 33417 | DJ9: 79.93 | DK9: 37894 | DL9: 95.39
A10: 26389 | B10: 7.6 | C10: 26389 | D10: 3.5 | E10: 26389 | F10: 8.4 | G10: 26389 | H10: 6.6 | I10: 25841 | J10: 5.4 | K10: 25841 | L10: 7 | M10: 40482 | N10: 39 | O10: 25841 | P10: 325 | Q10: 25841 | R10: 5.8 | S10: 25841 | T10: 6.2 | U10: 25841 | V10: 4.61811 | W10: 27302 | X10: 15.1 | Y10: 25841 | Z10: -4.47 | AA10: 25841 | AB10: 80.3792 | AC10: 33908 | AD10: 4.2 | AE10: 44620 | AF10: 55.9 | AG10: 25841 | AH10: 44.1 | AI10: 44620 | AJ10: 57.3 | AK10: 44620 | AL10: 56.5 | AM10: 35885 | AN10: 54.7 | AO10: 25841 | AP10: -0.63 | AQ10: 25841 | AR10: 14 | AS10: 37346 | AT10: 13.8 | AU10: 34546 | AV10: 18 | AW10: 25841 | AX10: 41.2 | AY10: 25841 | AZ10: -4.6 | BA10: 25841 | BB10: 1426 | BC10: 36433 | BD10: 5.12 | BE10: 33908 | BF10: 0.9 | BG10: 34242 | BH10: 6 | BI10: 28033 | BJ10: 13.2 | BK10: 25841 | BL10: 7.4 | BM10: 36799 | BN10: 5.2 | BO10: 33177 | BP10: -0.6 | BQ10: 26114 | BR10: 82.3 | BS10: 28763 | BT10: 80.4 | BU10: 25582 | BV10: 91.65 | BW10: 25624 | BX10: 96.87 | BY10: 26025 | BZ10: 106.86 | CA10: 20726 | CB10: 2.95 | CC10: 25902 | CD10: 37.44 | CE10: 30418 | CF10: 30.83 | CG10: 40917 | CH10: 141.2 | CI10: 31513 | CJ10: 1454.2 | CK10: 28866 | CL10: 42.764 | CM10: 40388 | CN10: 0.09 | CO10: 42748 | CP10: 10.22 | CQ10: 33511 | CR10: 76.9 | CS10: 33511 | CT10: 68.71 | CU10: 33511 | CV10: 105.5 | CW10: 33511 | CX10: 78.4398 | CY10: 33511 | CZ10: 83.58 | DA10: 33511 | DB10: 79.09 | DC10: 33511 | DD10: 84.31 | DE10: 33511 | DF10: 95.7 | DG10: 33511 | DH10: 104.08 | DI10: 33511 | DJ10: 79.4 | DK10: 37986 | DL10: 99.63
A11: 26480 | B11: 9.4 | C11: 26480 | D11: 5.2 | E11: 26480 | F11: 9.5 | G11: 26480 | H11: 2.5 | I11: 25872 | J11: 5.5 | K11: 25872 | L11: -423 | M11: 40512 | N11: 240 | O11: 25872 | P11: 329.5 | Q11: 25872 | R11: 5.5 | S11: 25872 | T11: 6.4 | U11: 25872 | V11: 4.68396 | W11: 27333 | X11: 16.9 | Y11: 25872 | Z11: -6.41 | AA11: 25872 | AB11: 78.5307 | AC11: 33938 | AD11: -1.4 | AE11: 44651 | AF11: 57.7 | AG11: 25872 | AH11: 42.4 | AI11: 44651 | AJ11: 58.8 | AK11: 44651 | AL11: 58 | AM11: 35915 | AN11: 54.9 | AO11: 25872 | AP11: -1.76 | AQ11: 25872 | AR11: 3.7 | AS11: 37376 | AT11: 20.2 | AU11: 34577 | AV11: 22 | AW11: 25872 | AX11: 35.7 | AY11: 25872 | AZ11: -3.9 | BA11: 25872 | BB11: 1564 | BC11: 36464 | BD11: 5.11 | BE11: 33938 | BF11: 0.3 | BG11: 34273 | BH11: 5.5 | BI11: 28064 | BJ11: 12.5 | BK11: 25872 | BL11: 7 | BM11: 36830 | BN11: 5 | BO11: 33207 | BP11: -0.1 | BQ11: 26176 | BR11: 82.1 | BS11: 28794 | BT11: 79.3 | BU11: 25583 | BV11: 91.68 | BW11: 25626 | BX11: 96.98 | BY11: 26032 | BZ11: 108.38 | CA11: 20820 | CB11: 2.94 | CC11: 25933 | CD11: 37.44 | CE11: 30419 | CF11: 30.82 | CG11: 40918 | CH11: 141.9 | CI11: 31516 | CJ11: 1454.5 | CK11: 28867 | CL11: 43.247 | CM11: 40389 | CN11: 0.08 | CO11: 42752 | CP11: 11.14 | CQ11: 33603 | CR11: 82.78 | CS11: 33603 | CT11: 69.3 | CU11: 33603 | CV11: 124.4 | CW11: 33603 | CX11: 83.7412 | CY11: 33603 | CZ11: 88.73 | DA11: 33603 | DB11: 84.89 | DC11: 33603 | DD11: 96.96 | DE11: 33603 | DF11: 92.5 | DG11: 33603 | DH11: 111.55 | DI11: 33603 | DJ11: 81.67 | DK11: 38077 | DL11: 107.11
A12: 26572 | B12: 3.8 | C12: 26572 | D12: 5.4 | E12: 26572 | F12: 9.6 | G12: 26572 | H12: 3.7 | I12: 25902 | J12: 5.9 | K12: 25902 | L12: -112 | M12: 40543 | N12: -96 | O12: 25902 | P12: 325.3 | Q12: 25902 | R12: 5.5 | S12: 25902 | T12: 6.6 | U12: 25902 | V12: 4.82164 | W12: 27363 | X12: 17.6 | Y12: 25902 | Z12: -6.09 | AA12: 25902 | AB12: 77.8174 | AC12: 33969 | AD12: 8.3 | AE12: 44681 | AF12: 56 | AG12: 25902 | AH12: 39.7 | AI12: 44681 | AJ12: 59.2 | AK12: 44681 | AL12: 55.6 | AM12: 35946 | AN12: 56.2 | AO12: 25902 | AP12: -1.02 | AQ12: 25902 | AR12: 6.4 | AS12: 37407 | AT12: 12.9 | AU12: 34607 | AV12: 21 | AW12: 25902 | AX12: 38.1 | AY12: 25902 | AZ12: -3.5 | BA12: 25902 | BB12: 1502 | BC12: 36494 | BD12: 5.09 | BE12: 33969 | BF12: 1.3 | BG12: 34303 | BH12: 5.6 | BI12: 28094 | BJ12: 13 | BK12: 25902 | BL12: 6.8 | BM12: 36860 | BN12: 4.6 | BO12: 33238 | BP12: -0.4 | BQ12: 26237 | BR12: 80.3 | BS12: 28824 | BT12: 75 | BU12: 25584 | BV12: 90.92 | BW12: 25631 | BX12: 96.98 | BY12: 26039 | BZ12: 109.96 | CA12: 20908 | CB12: 2.96 | CC12: 25962 | CD12: 37.87 | CE12: 30420 | CF12: 30.69 | CG12: 40919 | CH12: 142.5 | CI12: 31517 | CJ12: 1447.1 | CK12: 28870 | CL12: 43.497 | CM12: 40392 | CN12: 0.08 | CO12: 42753 | CP12: 10.56 | CQ12: 33694 | CR12: 82.55 | CS12: 33694 | CT12: 72.76 | CU12: 33694 | CV12: 107.93 | CW12: 33694 | CX12: 88.0847 | CY12: 33694 | CZ12: 81.93 | DA12: 33694 | DB12: 85.11 | DC12: 33694 | DD12: 92.65 | DE12: 33694 | DF12: 83.35 | DG12: 33694 | DH12: 101.53 | DI12: 33694 | DJ12: 85.45 | DK12: 38168 | DL12: 101.11
A13: 26664 | B13: 6.9 | C13: 26664 | D13: 6.9 | E13: 26664 | F13: 11.6 | G13: 26664 | H13: 4.6 | I13: 25933 | J13: 6.1 | K13: 25933 | L13: 383 | M13: 40574 | N13: 316 | O13: 25933 | P13: 304.8 | Q13: 25933 | R13: 6.1 | S13: 25933 | T13: 6.6 | U13: 25933 | V13: 4.95876 | W13: 27394 | X13: 17.7 | Y13: 25933 | Z13: -3.68 | AA13: 25933 | AB13: 79.3628 | AC13: 34000 | AD13: 0.4 | AE13: 44712 | AF13: 53.6 | AG13: 25933 | AH13: 45.4 | AI13: 44712 | AJ13: 57 | AK13: 44712 | AL13: 53.4 | AM13: 35976 | AN13: 55.1 | AO13: 25933 | AP13: 1.61 | AQ13: 25933 | AR13: 10.2 | AS13: 37437 | AT13: 8.9 | AU13: 34638 | AV13: 23 | AW13: 25933 | AX13: 37.3 | AY13: 25933 | AZ13: -1.6 | BA13: 25933 | BB13: 1767 | BC13: 36525 | BD13: 5.08 | BE13: 34000 | BF13: 0.5 | BG13: 34334 | BH13: 4.9 | BI13: 28125 | BJ13: 14.2 | BK13: 25933 | BL13: 6.9 | BM13: 36891 | BN13: 3.7 | BO13: 33269 | BP13: -0.8 | BQ13: 26298 | BR13: 85 | BS13: 28855 | BT13: 66.1 | BU13: 25587 | BV13: 89.65 | BW13: 25638 | BX13: 96.98 | BY13: 26046 | BZ13: 110.69 | CA13: 20999 | CB13: 3 | CC13: 25990 | CD13: 38.74 | CE13: 30421 | CF13: 30.48 | CG13: 40924 | CH13: 142.5 | CI13: 31518 | CJ13: 1461.1 | CK13: 28871 | CL13: 43.126 | CM13: 40393 | CN13: 0.08 | CO13: 42754 | CP13: 10.56 | CQ13: 33785 | CR13: 86.47 | CS13: 33785 | CT13: 71.16 | CU13: 33785 | CV13: 102.15 | CW13: 33785 | CX13: 88.0721 | CY13: 33785 | CZ13: 87.09 | DA13: 33785 | DB13: 83.21 | DC13: 33785 | DD13: 91.62 | DE13: 33785 | DF13: 91.56 | DG13: 33785 | DH13: 106.37 | DI13: 33785 | DJ13: 87.35 | DK13: 38260 | DL13: 105.73
... A37: 28855 | B37: 5.5 | C37: 28855 | D37: 6.7 | E37: 28855 | F37: 14.4 | G37: 28855 | H37: 8.1 | I37: 26664 | J37: 5.2 | K37: 26664 | L37: 295 | M37: 41305 | N37: 231 | O37: 26664 | P37: 246.5 | Q37: 26664 | R37: 7.5 | S37: 26664 | T37: 3 | U37: 26664 | V37: 3.05269 | W37: 28125 | X37: 5.7 | Y37: 26664 | Z37: 11.54 | AA37: 26664 | AB37: 87.4686 | AC37: 34730 | AD37: 9.2 | AE37: 45443 | AF37: 54.5 | AG37: 26664 | AH37: 70.5 | AI37: 45443 | AJ37: 51.3 | AK37: 45443 | AL37: 54.8 | AM37: 36707 | AN37: 56.9 | AO37: 26664 | AP37: 1.2 | AQ37: 26664 | AR37: 49.1 | AS37: 38168 | AT37: 27.1 | AU37: 35369 | AV37: 2 | AW37: 26664 | AX37: 73.6 | AY37: 26664 | AZ37: 11.2 | BA37: 26664 | BB37: 2419 | BC37: 37256 | BD37: 5.49 | BE37: 34730 | BF37: 0.4 | BG37: 35064 | BH37: 4.2 | BI37: 28855 | BJ37: 14.8 | BK37: 26664 | BL37: 12.3 | BM37: 37621 | BN37: 2.9 | BO37: 34000 | BP37: -0.2 | BQ37: 27759 | BR37: 93.7 | BS37: 29586 | BT37: 64.5 | BU37: 25619 | BV37: 88.03 | BW37: 25778 | BX37: 84.08 | BY37: 26214 | BZ37: 110.74 | CA37: 23190 | CB37: 2.99 | CC37: 26723 | CD37: 74.2 | CE37: 30455 | CF37: 29.95 | CG37: 40983 | CH37: 144.8 | CI37: 31553 | CJ37: 1406.5 | CK37: 28906 | CL37: 43.955 | CM37: 40428 | CN37: 0.08 | CO37: 42789 | CP37: 13.81 | CQ37: 35976 | CR37: 330.52 | CS37: 35976 | CT37: 335.89 | CU37: 35976 | CV37: 325.2 | CW37: 35976 | CX37: 224.4729 | CY37: 35976 | CZ37: 206.18 | DA37: 35976 | DB37: 226.94 | DC37: 35976 | DD37: 243.22 | DE37: 35976 | DF37: 193.13 | DG37: 35976 | DH37: 155.08 | DI37: 35976 | DJ37: 150.27 | DK37: 40451 | DL37: 111.55
A38: 28945 | B38: 0.7 | C38: 28945 | D38: 6.5 | E38: 28945 | F38: 14.7 | G38: 28945 | H38: 7.7 | I38: 26695 | J38: 4.9 | K38: 26695 | L38: 349 | M38: 41333 | N38: 250 | O38: 26695 | P38: 228.5 | Q38: 26695 | R38: 6.1 | S38: 26695 | T38: 2.8 | U38: 26695 | V38: 2.67861 | W38: 28156 | X38: 5.7 | Y38: 26695 | Z38: 9.73 | AA38: 26695 | AB38: 87.8281 | AC38: 34758 | AD38: 12.6 | AG38: 26695 | AH38: 72.1 | AM38: 36738 | AN38: 55.3 | AO38: 26695 | AP38: 1.06 | AQ38: 26695 | AR38: 47.8 | AS38: 38199 | AT38: 35 | AU38: 35399 | AV38: 5 | AW38: 26695 | AX38: 77.8 | AY38: 26695 | AZ38: 10.9 | BA38: 26695 | BB38: 2271 | BC38: 37287 | BD38: 5.86 | BE38: 34758 | BF38: -1.2 | BG38: 35095 | BH38: 2.6 | BI38: 28886 | BJ38: 14.6 | BK38: 26695 | BL38: 11.2 | BM38: 37652 | BN38: 2.6 | BO38: 34028 | BP38: 0.2 | BQ38: 27819 | BR38: 101 | BS38: 29617 | BT38: 71.4 | BU38: 25623 | BV38: 87.99 | BW38: 25780 | BX38: 84.59 | BY38: 26221 | BZ38: 109.6 | CA38: 23284 | CB38: 3.48 | CC38: 26753 | CD38: 84.37 | CE38: 30456 | CF38: 30.3 | CG38: 40984 | CH38: 144.9 | CI38: 31554 | CJ38: 1406.1 | CK38: 28907 | CL38: 43.939 | CM38: 40429 | CN38: 0.08 | CO38: 42790 | CP38: 13.69 | CQ38: 36068 | CR38: 258.39 | CS38: 36068 | CT38: 331.83 | CU38: 36068 | CV38: 323.23 | CW38: 36068 | CX38: 186.952 | CY38: 36068 | CZ38: 215.5 | DA38: 36068 | DB38: 193.59 | DC38: 36068 | DD38: 204.86 | DE38: 36068 | DF38: 182.77 | DG38: 36068 | DH38: 160.89 | DI38: 36068 | DJ38: 126.67 | DK38: 40543 | DL38: 120.58
A39: 29036 | B39: 0.4 | C39: 29036 | D39: 2.7 | E39: 29036 | F39: 11.1 | G39: 29036 | H39: 10 | I39: 26723 | J39: 5 | K39: 26723 | L39: 397 | M39: 41364 | N39: 211 | O39: 26723 | P39: 221.3 | Q39: 26723 | R39: 5.8 | S39: 26723 | T39: 2.8 | U39: 26723 | V39: 2.72611 | W39: 28184 | X39: 5.6 | Y39: 26723 | Z39: 10.17 | AA39: 26723 | AB39: 88.8164 | AC39: 34789 | AD39: 12.4 | AG39: 26723 | AH39: 69.6 | AM39: 36769 | AN39: 57.6 | AO39: 26723 | AP39: 1.23 | AQ39: 26723 | AR39: 40.5 | AS39: 38230 | AT39: 15.2 | AU39: 35430 | AV39: 7 | AW39: 26723 | AX39: 77 | AY39: 26723 | AZ39: 9.9 | BA39: 26723 | BB39: 2226 | BC39: 37315 | BD39: 5.9 | BE39: 34789 | BF39: 0.7 | BG39: 35124 | BH39: 4.7 | BI39: 28914 | BJ39: 14.9 | BK39: 26723 | BL39: 10.9 | BM39: 37680 | BN39: 1.8 | BO39: 34059 | BP39: -0.6 | BQ39: 27880 | BR39: 89.5 | BS39: 29645 | BT39: 66.9 | BU39: 25624 | BV39: 89.35 | BW39: 25785 | BX39: 84.03 | BY39: 26228 | BZ39: 106.8 | CA39: 23376 | CB39: 3.38 | CC39: 26784 | CD39: 90.5 | CE39: 30459 | CF39: 30.27 | CG39: 40988 | CH39: 144.7 | CI39: 31555 | CJ39: 1398.6 | CK39: 28908 | CL39: 43.806 | CM39: 40430 | CN39: 0.08 | CO39: 42793 | CP39: 15.97 | CQ39: 36160 | CR39: 314.38 | CS39: 36160 | CT39: 452.51 | CU39: 36160 | CV39: 369.84 | CW39: 36160 | CX39: 241.2688 | CY39: 36160 | CZ39: 274.95 | DA39: 36160 | DB39: 227.93 | DC39: 36160 | DD39: 249.4 | DE39: 36160 | DF39: 183.44 | DG39: 36160 | DH39: 163.39 | DI39: 36160 | DJ39: 130.09 | DK39: 40633 | DL39: 131.23
A40: 29128 | B40: 3 | C40: 29128 | D40: 2.4 | E40: 29128 | F40: 11.4 | G40: 29128 | H40: 8.6 | I40: 26754 | J40: 4.9 | K40: 26754 | L40: 270 | M40: 41394 | N40: 144 | O40: 26754 | P40: 227.8 | Q40: 26754 | R40: 5.7 | S40: 26754 | T40: 3 | U40: 26754 | V40: 2.93917 | W40: 28215 | X40: 5.8 | Y40: 26754 | Z40: 9.44 | AA40: 26754 | AB40: 88.5532 | AC40: 34819 | AD40: 6.1 | AG40: 26754 | AH40: 69.6 | AM40: 36799 | AN40: 56.7 | AO40: 26754 | AP40: 0.45 | AQ40: 26754 | AR40: 58.5 | AS40: 38260 | AT40: 28.4 | AU40: 35461 | AV40: 2 | AW40: 26754 | AX40: 75 | AY40: 26754 | AZ40: 9 | BA40: 26754 | BB40: 2062 | BC40: 37346 | BD40: 5.63 | BE40: 34819 | BF40: 0.3 | BG40: 35155 | BH40: 5.2 | BI40: 28945 | BJ40: 14.8 | BK40: 26754 | BL40: 10.9 | BM40: 37711 | BN40: 2.4 | BO40: 34089 | BP40: 1.1 | BQ40: 27941 | BR40: 94.5 | BS40: 29676 | BT40: 66.5 | BU40: 25625 | BV40: 88.9 | BW40: 25792 | BX40: 82.52 | BY40: 26235 | BZ40: 105.1 | CA40: 23467 | CB40: 3.43 | CC40: 26815 | CD40: 101.96 | CE40: 30460 | CF40: 30.05 | CG40: 40989 | CH40: 144.7 | CI40: 31559 | CJ40: 1401 | CK40: 28909 | CL40: 43.601 | CM40: 40431 | CN40: 0.08 | CO40: 42794 | CP40: 16.9 | CQ40: 36250 | CR40: 336.32 | CS40: 36250 | CT40: 507.55 | CU40: 36250 | CV40: 379.77 | CW40: 36250 | CX40: 266.4461 | CY40: 36250 | CZ40: 283.23 | DA40: 36250 | DB40: 236.25 | DC40: 36250 | DD40: 228.15 | DE40: 36250 | DF40: 192.89 | DG40: 36250 | DH40: 146.39 | DI40: 36250 | DJ40: 131.07 | DK40: 40724 | DL40: 134.06
A41: 29220 | B41: 1 | C41: 29220 | D41: 1.3 | E41: 29220 | F41: 10 | G41: 29220 | H41: 7.5 | I41: 26784 | J41: 5 | K41: 26784 | L41: 171 | M41: 41425 | N41: 255 | O41: 26784 | P41: 239 | Q41: 26784 | R41: 5.7 | S41: 26784 | T41: 3.2 | U41: 26784 | V41: 3.29551 | W41: 28245 | X41: 5.9 | Y41: 26784 | Z41: 8.22 | AA41: 26784 | AB41: 88.1243 | AC41: 34850 | AD41: 8.1 | AG41: 26784 | AH41: 67.7 | AM41: 36830 | AN41: 56.7 | AO41: 26784 | AP41: 0.07 | AQ41: 26784 | AR41: 53.6 | AS41: 38291 | AT41: 24.5 | AU41: 35489 | AV41: -2 | AW41: 26784 | AX41: 74.5 | AY41: 26784 | AZ41: 7.9 | BA41: 26784 | BB41: 1908 | BC41: 37376 | BD41: 5.67 | BE41: 34850 | BF41: 0.8 | BG41: 35185 | BH41: 6 | BI41: 28975 | BJ41: 14.3 | BK41: 26784 | BL41: 11.6 | BM41: 37741 | BN41: 2.4 | BO41: 34120 | BP41: 0.1 | BQ41: 28003 | BR41: 94.6 | BS41: 29706 | BT41: 72.4 | BU41: 25626 | BV41: 89.5 | BW41: 25799 | BX41: 83.45 | BY41: 26242 | BZ41: 105.46 | CA41: 23558 | CB41: 3.5 | CC41: 26844 | CD41: 120.12 | CE41: 30461 | CF41: 30.25 | CG41: 40990 | CH41: 145.3 | CI41: 31560 | CJ41: 1403.4 | CK41: 28912 | CL41: 43.517 | CM41: 40434 | CN41: 0.08 | CO41: 42795 | CP41: 17.24 | CQ41: 36341 | CR41: 351.79 | CS41: 36341 | CT41: 566.61 | CU41: 36341 | CV41: 359.21 | CW41: 36341 | CX41: 276.9181 | CY41: 36341 | CZ41: 319.82 | DA41: 36341 | DB41: 264.93 | DC41: 36341 | DD41: 228.26 | DE41: 36341 | DF41: 216.1 | DG41: 36341 | DH41: 161.45 | DI41: 36341 | DJ41: 157.31 | DK41: 40816 | DL41: 113.25
A42: 29311 | B42: 1.3 | C42: 29311 | D42: 1.4 | E42: 29311 | F42: 10.4 | G42: 29311 | H42: 9 | I42: 26815 | J42: 4.9 | K42: 26815 | L42: 193 | M42: 41455 | N42: 205 | O42: 26815 | P42: 236.3 | Q42: 26815 | R42: 5.9 | S42: 26815 | T42: 3.2 | U42: 26815 | V42: 3.45546 | W42: 28276 | X42: 6.1 | Y42: 26815 | Z42: 8.94 | AA42: 26815 | AB42: 88.403 | AC42: 34880 | AD42: 4.3 | AG42: 26815 | AH42: 64.8 | AM42: 36860 | AN42: 56.2 | AO42: 26815 | AP42: 0.44 | AQ42: 26815 | AR42: 36.6 | AS42: 38321 | AT42: 15.3 | AU42: 35520 | AV42: 12 | AW42: 26815 | AX42: 71.9 | AY42: 26815 | AZ42: 7.4 | BA42: 26815 | BB42: 1931 | BC42: 37407 | BD42: 5.64 | BE42: 34880 | BF42: 0.4 | BG42: 35216 | BH42: 5.7 | BI42: 29006 | BJ42: 14 | BK42: 26815 | BL42: 12 | BM42: 37772 | BN42: 3.1 | BO42: 34150 | BP42: 0.6 | BQ42: 28064 | BR42: 87.1 | BS42: 29737 | BT42: 76.3 | BU42: 25629 | BV42: 89.71 | BW42: 25806 | BX42: 87 | BY42: 26249 | BZ42: 103.91 | CA42: 23650 | CB42: 3.45 | CC42: 26876 | CD42: 120.17 | CE42: 30462 | CF42: 30.31 | CG42: 40991 | CH42: 145.1 | CI42: 31561 | CJ42: 1402 | CK42: 28913 | CL42: 42.547 | CM42: 40435 | CN42: 0.08 | CO42: 42796 | CP42: 20.16 | CQ42: 36433 | CR42: 297.14 | CS42: 36433 | CT42: 594.47 | CU42: 36433 | CV42: 321.55 | CW42: 36433 | CX42: 252.6919 | CY42: 36433 | CZ42: 295.08 | DA42: 36433 | DB42: 251.03 | DC42: 36433 | DD42: 198.76 | DE42: 36433 | DF42: 212.33 | DG42: 36433 | DH42: 151.85 | DI42: 36433 | DJ42: 143.72 | DK42: 40907 | DL42: 130.15
A43: 29402 | B43: -8 | C43: 29402 | D43: -0.8 | E43: 29402 | F43: 8 | G43: 29402 | H43: 9.8 | I43: 26845 | J43: 4.9 | K43: 26845 | L43: 239 | M43: 41486 | N43: 171 | O43: 26845 | P43: 240.5 | Q43: 26845 | R43: 6.2 | S43: 26845 | T43: 3.2 | U43: 26845 | V43: 3.69249 | W43: 28306 | X43: 5.9 | Y43: 26845 | Z43: 8.79 | AA43: 26845 | AB43: 88.2029 | AC43: 34911 | AD43: 3.1 | AG43: 26845 | AH43: 65 | AM43: 36891 | AN43: 54 | AO43: 26845 | AP43: 0.22 | AQ43: 26845 | AR43: 30.4 | AS43: 38352 | AT43: 21.6 | AU43: 35550 | AV43: 11 | AW43: 26845 | AX43: 73.3 | AY43: 26845 | AZ43: 6.3 | BA43: 26845 | BB43: 2051 | BC43: 37437 | BD43: 5.51 | BE43: 34911 | BF43: 0.2 | BG43: 35246 | BH43: 5.4 | BI43: 29036 | BJ43: 12.4 | BK43: 26845 | BL43: 12.4 | BM43: 37802 | BN43: 3.3 | BO43: 34181 | BP43: 0.5 | BQ43: 28125 | BR43: 98.9 | BS43: 29767 | BT43: 73.1 | BU43: 25630 | BV43: 90.23 | BW43: 25811 | BX43: 87.17 | BY43: 26256 | BZ43: 102.95 | CA43: 23742 | CB43: 3.85 | CC43: 26907 | CD43: 106.76 | CE43: 30463 | CF43: 30.19 | CG43: 40994 | CH43: 145.1 | CI43: 31562 | CJ43: 1406.6 | CK43: 28914 | CL43: 42.479 | CM43: 40436 | CN43: 0.08 | CO43: 42797 | CP43: 20.74 | CQ43: 36525 | CR43: 321.72 | CS43: 36525 | CT43: 807.44 | CU43: 36525 | CV43: 326.78 | CW43: 36525 | CX43: 299.3063 | CY43: 36525 | CZ43: 322.81 | DA43: 36525 | DB43: 273.38 | DC43: 36525 | DD43: 208.05 | DE43: 36525 | DF43: 212.72 | DG43: 36525 | DH43: 142.43 | DI43: 36525 | DJ43: 159.96 | DK43: 40998 | DL43: 142.09
A44: 29494 | B44: -0.5 | C44: 29494 | D44: -1.6 | E44: 29494 | F44: 7.1 | G44: 29494 | H44: 9.2 | I44: 26876 | J44: 4.8 | K44: 26876 | L44: 26 | M44: 41517 | N44: 274 | O44: 26876 | P44: 242.8 | Q44: 26876 | R44: 6.4 | S44: 26876 | T44: 3.2 | U44: 26876 | V44: 3.83975 | W44: 28337 | X44: 6 | Y44: 26876 | Z44: 9.33 | AA44: 26876 | AB44: 88.2221 | AC44: 34942 | AD44: 6 | AG44: 26876 | AH44: 57.8 | AM44: 36922 | AN44: 51.6 | AO44: 26876 | AP44: 0.51 | AQ44: 26876 | AR44: 24.8 | AS44: 38383 | AT44: 15.6 | AU44: 35581 | AV44: 10 | AW44: 26876 | AX44: 68.1 | AY44: 26876 | AZ44: 5 | BA44: 26876 | BB44: 1819 | BC44: 37468 | BD44: 5.41 | BE44: 34942 | BF44: 0.4 | BG44: 35277 | BH44: 5.3 | BI44: 29067 | BJ44: 13.7 | BK44: 26876 | BL44: 12.1 | BM44: 37833 | BN44: 3.1 | BO44: 34212 | BP44: 0.2 | BQ44: 28184 | BR44: 97.6 | BS44: 29798 | BT44: 74.1 | BU44: 25631 | BV44: 90.04 | BW44: 25813 | BX44: 86.57 | BY44: 26263 | BZ44: 101.64 | CA44: 23832 | CB44: 4.05 | CC44: 26935 | CD44: 102.97 | CE44: 30467 | CF44: 30.25 | CG44: 41010 | CH44: 147.4 | CI44: 31565 | CJ44: 1414.6 | CK44: 28915 | CL44: 42.784 | CM44: 40437 | CN44: 0.08 | CO44: 42800 | CP44: 20.98 | CQ44: 36616 | CR44: 327.62 | CS44: 36616 | CT44: 916.71 | CU44: 36616 | CV44: 326.26 | CW44: 36616 | CX44: 287.6298 | CY44: 36616 | CZ44: 317.2 | DA44: 36616 | DB44: 269.35 | DC44: 36616 | DD44: 171.55 | DE44: 36616 | DF44: 216.62 | DG44: 36616 | DH44: 151.48 | DI44: 36616 | DJ44: 139.59 | DK44: 41089 | DL44: 146.68
A45: 29586 | B45: 7.7 | C45: 29586 | D45: 0 | E45: 29586 | F45: 9.6 | G45: 29586 | H45: 11 | I45: 26907 | J45: 4.8 | K45: 26907 | L45: 255 | M45: 41547 | N45: -14 | O45: 26907 | P45: 254.8 | Q45: 26907 | R45: 6.1 | S45: 26907 | T45: 3.2 | U45: 26907 | V45: 4.10146 | W45: 28368 | X45: 6.2 | Y45: 26907 | Z45: 7.69 | AA45: 26907 | AB45: 87.8012 | AC45: 34972 | AD45: 9.6 | AG45: 26907 | AH45: 62.7 | AM45: 36950 | AN45: 51.3 | AO45: 26907 | AP45: -0.37 | AQ45: 26907 | AR45: 18.5 | AS45: 38411 | AT45: 17.1 | AU45: 35611 | AV45: 11 | AW45: 26907 | AX45: 68.4 | AY45: 26907 | AZ45: 2.9 | BA45: 26907 | BB45: 1809 | BC45: 37499 | BD45: 5.36 | BE45: 34972 | BF45: 0.7 | BG45: 35308 | BH45: 5.2 | BI45: 29098 | BJ45: 14 | BK45: 26907 | BL45: 11.7 | BM45: 37864 | BN45: 3.8 | BO45: 34242 | BP45: 0.4 | BQ45: 28245 | BR45: 93.1 | BS45: 29829 | BT45: 77.2 | BU45: 25632 | BV45: 90 | BW45: 25820 | BX45: 88.16 | BY45: 26270 | BZ45: 107.26 | CA45: 23923 | CB45: 4.05 | CC45: 26968 | CD45: 100.08 | CE45: 30468 | CF45: 30.33 | CG45: 41011 | CH45: 148.2 | CI45: 31566 | CJ45: 1410.3 | CK45: 28916 | CL45: 42.974 | CM45: 40438 | CN45: 0.08 | CO45: 42801 | CP45: 20.98 | CQ45: 36707 | CR45: 316.56 | CS45: 36707 | CT45: 831.85 | CU45: 36707 | CV45: 401.68 | CW45: 36707 | CX45: 262.2645 | CY45: 36707 | CZ45: 271.99 | DA45: 36707 | DB45: 265.54 | DC45: 36707 | DD45: 193.96 | DE45: 36707 | DF45: 221.76 | DG45: 36707 | DH45: 158.71 | DI45: 36707 | DJ45: 118.08 | DK45: 41180 | DL45: 147.21
A46: 29676 | B46: 8.1 | C46: 29676 | D46: 1.6 | E46: 29676 | F46: 12 | G46: 29676 | H46: 11 | I46: 26937 | J46: 4.8 | K46: 26937 | L46: 108 | M46: 41578 | N46: 128 | O46: 26937 | P46: 248 | Q46: 26937 | R46: 6.3 | S46: 26937 | T46: 3.8 | U46: 26937 | V46: 4.28059 | W46: 28398 | X46: 6.2 | Y46: 26937 | Z46: 7.73 | AA46: 26937 | AB46: 88.2072 | AC46: 35003 | AD46: 4.6 | AG46: 26937 | AH46: 63.5 | AM46: 36981 | AN46: 50.7 | AO46: 26937 | AP46: 0.63 | AQ46: 26937 | AR46: -0.3 | AS46: 38442 | AT46: 24.3 | AU46: 35642 | AV46: 4 | AW46: 26937 | AX46: 70.4 | AY46: 26937 | AZ46: 1.2 | BA46: 26937 | BB46: 1704 | BC46: 37529 | BD46: 5.52 | BE46: 35003 | BF46: -0.6 | BG46: 35338 | BH46: 5.2 | BI46: 29128 | BJ46: 14 | BK46: 26937 | BL46: 11.9 | BM46: 37894 | BN46: 4 | BO46: 34273 | BP46: 0.3 | BQ46: 28306 | BR46: 98.2 | BS46: 29859 | BT46: 73.1 | BU46: 25633 | BV46: 89.44 | BW46: 25827 | BX46: 87.2 | BY46: 26277 | BZ46: 108.81 | CA46: 24015 | CB46: 4.02 | CC46: 26998 | CD46: 94.82 | CE46: 30469 | CF46: 30.4 | CG46: 41012 | CH46: 148.4 | CI46: 31567 | CJ46: 1398.2 | CK46: 28919 | CL46: 43.324 | CM46: 40441 | CN46: 0.08 | CO46: 42802 | CP46: 18.17 | CQ46: 36798 | CR46: 390.29 | CS46: 36798 | CT46: 715.78 | CU46: 36798 | CV46: 399.7 | CW46: 36798 | CX46: 248.4063 | CY46: 36798 | CZ46: 241.62 | DA46: 36798 | DB46: 288.13 | DC46: 36798 | DD46: 197.23 | DE46: 36798 | DF46: 239.58 | DG46: 36798 | DH46: 209.32 | DI46: 36798 | DJ46: 108.23 | DK46: 41274 | DL46: 151.26
A47: 29767 | B47: -2.9 | C47: 29767 | D47: 3 | E47: 29767 | F47: 13.1 | G47: 29767 | H47: 7.7 | I47: 26968 | J47: 4.6 | K47: 26968 | L47: 331 | M47: 41608 | N47: 307 | O47: 26968 | P47: 241.5 | Q47: 26968 | R47: 6 | S47: 26968 | T47: 4.3 | U47: 26968 | V47: 4.62303 | W47: 28429 | X47: 6.4 | Y47: 26968 | Z47: 7.2 | AA47: 26968 | AB47: 88.6195 | AC47: 35033 | AD47: 4.4 | AG47: 26968 | AH47: 66.2 | AM47: 37011 | AN47: 48.3 | AO47: 26968 | AP47: 1.04 | AQ47: 26968 | AR47: 9.8 | AS47: 38472 | AT47: 8.3 | AU47: 35673 | AV47: 5 | AW47: 26968 | AX47: 69.9 | AY47: 26968 | AZ47: 0 | BA47: 26968 | BB47: 1411 | BC47: 37560 | BD47: 5.68 | BE47: 35033 | BF47: 1.2 | BG47: 35369 | BH47: 6.8 | BI47: 29159 | BJ47: 12.7 | BK47: 26968 | BL47: 10.8 | BM47: 37925 | BN47: 3.8 | BO47: 34303 | BP47: 0.3 | BQ47: 28337 | BR47: 97.5 | BS47: 29890 | BT47: 70.3 | BU47: 25636 | BV47: 88.51 | BW47: 25834 | BX47: 88.38 | BY47: 26284 | BZ47: 110.52 | CA47: 24107 | CB47: 4.32 | CC47: 27029 | CD47: 106.72 | CE47: 30470 | CF47: 30.36 | CG47: 41015 | CH47: 148 | CI47: 31568 | CJ47: 1409.9 | CK47: 28920 | CL47: 43.279 | CM47: 40442 | CN47: 0.08 | CO47: 42803 | CP47: 18.72 | CQ47: 36889 | CR47: 397.09 | CS47: 36889 | CT47: 476.64 | CU47: 36889 | CV47: 442.92 | CW47: 36889 | CX47: 237.2528 | CY47: 36889 | CZ47: 194.76 | DA47: 36889 | DB47: 285.77 | DC47: 36889 | DD47: 238.15 | DE47: 36889 | DF47: 240.87 | DG47: 36889 | DH47: 216.03 | DI47: 36889 | DJ47: 131.61 | DK47: 41362 | DL47: 159.29
A48: 29859 | B48: 4.9 | C48: 29859 | D48: 4.3 | E48: 29859 | F48: 14.1 | G48: 29859 | H48: 8 | I48: 26998 | J48: 4.8 | K48: 26998 | L48: 313 | M48: 41639 | N48: 246 | O48: 26998 | P48: 256.3 | Q48: 26998 | R48: 6.3 | S48: 26998 | T48: 4.5 | U48: 26998 | V48: 4.85212 | W48: 28459 | X48: 6.3 | Y48: 26998 | Z48: 6.44 | AA48: 26998 | AB48: 88.7326 | AC48: 35064 | AD48: 5.7 | AG48: 26998 | AH48: 68.1 | AM48: 37042 | AN48: 49 | AO48: 26998 | AP48: 0.78 | AQ48: 26998 | AR48: 15.4 | AS48: 38503 | AT48: -4.9 | AU48: 35703 | AV48: 23 | AW48: 26998 | AX48: 80.9 | AY48: 26998 | AZ48: -1.4 | BA48: 26998 | BB48: 1402 | BC48: 37590 | BD48: 5.73 | BE48: 35064 | BF48: 0.9 | BG48: 35399 | BH48: 6 | BI48: 29189 | BJ48: 12.7 | BK48: 26998 | BL48: 10.5 | BM48: 37955 | BN48: 4.1 | BO48: 34334 | BP48: 0.4 | BQ48: 28368 | BR48: 98.7 | BS48: 29920 | BT48: 62.5 | BU48: 25637 | BV48: 88.75 | BW48: 25841 | BX48: 89.79 | BY48: 26291 | BZ48: 111.94 | CA48: 24197 | CB48: 4.66 | CC48: 27060 | CD48: 129.19 | CE48: 30473 | CF48: 30.35 | CG48: 41017 | CH48: 148 | CI48: 31569 | CJ48: 1433.4 | CK48: 28921 | CL48: 43.645 | CM48: 40443 | CN48: 0.08 | CO48: 42804 | CP48: 20.01 | CQ48: 36980 | CR48: 357.39 | CS48: 36980 | CT48: 353.1 | CU48: 36980 | CV48: 376.44 | CW48: 36980 | CX48: 236.7704 | CY48: 36980 | CZ48: 192.48 | DA48: 36980 | DB48: 255.02 | DC48: 36980 | DD48: 213.79 | DE48: 36980 | DF48: 224.76 | DG48: 36980 | DH48: 199.51 | DI48: 36980 | DJ48: 123.42 | DK48: 41453 | DL48: 155.23
A49: 29951 | B49: -4.3 | C49: 29951 | D49: 1.3 | E49: 29951 | F49: 9.9 | G49: 29951 | H49: 6.8 | I49: 27029 | J49: 4.9 | K49: 27029 | L49: 111 | M49: 41670 | N49: 139 | O49: 27029 | P49: 291 | Q49: 27029 | R49: 6 | S49: 27029 | T49: 4.7 | U49: 27029 | V49: 5.11827 | W49: 28490 | X49: 6.2 | Y49: 27029 | Z49: 4.98 | AA49: 27029 | AB49: 88.2092 | AC49: 35095 | AD49: 4.9 | AG49: 27029 | AH49: 63.6 | AM49: 37072 | AN49: 50.1 | AO49: 27029 | AP49: -0.41 | AQ49: 27029 | AR49: 8 | AS49: 38533 | AT49: 7.8 | AU49: 35734 | AV49: 14 | AW49: 27029 | AX49: 74.3 | AY49: 27029 | AZ49: -3.6 | BA49: 27029 | BB49: 1288 | BC49: 37621 | BD49: 5.97 | BE49: 35095 | BF49: -1.2 | BG49: 35430 | BH49: 5.6 | BI49: 29220 | BJ49: 13.2 | BK49: 27029 | BL49: 10.4 | BM49: 37986 | BN49: 3.5 | BO49: 34365 | BP49: -0.4 | BQ49: 28398 | BR49: 96.7 | BS49: 29951 | BT49: 64.3 | BU49: 25638 | BV49: 88.69 | BW49: 25848 | BX49: 92.01 | BY49: 26298 | BZ49: 114.12 | CA49: 24288 | CB49: 5.17 | CC49: 27088 | CD49: 150.23 | CE49: 30474 | CF49: 30.59 | CG49: 41018 | CH49: 147.7 | CI49: 31572 | CJ49: 1427.8 | CK49: 28922 | CL49: 44.096 | CM49: 40444 | CN49: 0.08 | CO49: 42807 | CP49: 30.53 | CQ49: 37071 | CR49: 383.87 | CS49: 37071 | CT49: 396.69 | CU49: 37071 | CV49: 372.25 | CW49: 37071 | CX49: 259.9792 | CY49: 37071 | CZ49: 188.1 | DA49: 37071 | DB49: 282.65 | DC49: 37071 | DD49: 208.55 | DE49: 37071 | DF49: 230.56 | DG49: 37071 | DH49: 186.9 | DI49: 37071 | DJ49: 135.94 | DK49: 41547 | DL49: 150.14
... A92: 33877 | B92: 4 | C92: 33877 | D92: 3.7 | E92: 33877 | F92: 5.8 | G92: 33877 | H92: 1.9 | I92: 28337 | J92: 6.9 | K92: 28337 | L92: 346 | M92: 42978 | N92: 158 | O92: 28337 | P92: 364.3 | Q92: 28337 | R92: 7.7 | S92: 28337 | T92: 6.3 | U92: 28337 | V92: 6.71545 | W92: 29798 | X92: 8.2 | Y92: 28337 | Z92: 8.66 | AA92: 28337 | AB92: 84.12 | AC92: 36403 | AD92: 7.4 | AG92: 28337 | AH92: 57.7 | AM92: 38383 | AN92: 58 | AO92: 28337 | AP92: 0.35 | AQ92: 28337 | AR92: 21.5 | AS92: 39844 | AT92: -26.5 | AU92: 37042 | AV92: -21 | AW92: 28337 | AX92: 58.7 | AY92: 28337 | AZ92: 7.2 | BA92: 28337 | BB92: 1687 | BC92: 38929 | BD92: 6.32 | BE92: 36403 | BF92: 0.8 | BG92: 36738 | BH92: 7.5 | BI92: 30528 | BJ92: 12.7 | BK92: 28337 | BL92: 10.3 | BM92: 39294 | BN92: 8.1 | BO92: 37164 | BP92: -1 | BQ92: 29706 | BR92: 81.6 | BS92: 31259 | BT92: 94 | BU92: 25700 | BV92: 77.85 | BW92: 26095 | BX92: 105.16 | BY92: 26599 | BZ92: 129.53 | CA92: 28215 | CB92: 4.69 | CC92: 27442 | CD92: 181.4 | CE92: 30536 | CF92: 32.05 | CG92: 41081 | CH92: 137.1 | CI92: 31631 | CJ92: 1316.4 | CK92: 28984 | CL92: 46.148 | CM92: 40505 | CN92: 0.35 | CO92: 42867 | CP92: 92.52 | CQ92: 40998 | CR92: 212.84 | CS92: 40998 | CT92: 496.57 | CU92: 40998 | CV92: 435.76 | CW92: 40998 | CX92: 356.546 | CY92: 40998 | CZ92: 130.65 | DA92: 40998 | DB92: 323.52 | DC92: 40998 | DD92: 351.49 | DE92: 40998 | DF92: 538.43 | DG92: 40998 | DH92: 178.07 | DI92: 40998 | DJ92: 234.14 | DK92: 45467 | DL92: 243.05
A93: 33969 | B93: 4.2 | C93: 33969 | D93: 4.4 | E93: 33969 | F93: 6.6 | G93: 33969 | H93: 2.8 | I93: 28368 | J93: 7 | K93: 28368 | L93: 241 | M93: 43008 | N93: 205 | O93: 28368 | P93: 367.3 | Q93: 28368 | R93: 7 | S93: 28368 | T93: 6.2 | U93: 28368 | V93: 6.62466 | W93: 29829 | X93: 8 | Y93: 28368 | Z93: 8.05 | AA93: 28368 | AB93: 83.9765 | AC93: 36433 | AD93: 4.4 | AG93: 28368 | AH93: 54.9 | AM93: 38411 | AN93: 59.4 | AO93: 28368 | AP93: 0.27 | AQ93: 28368 | AR93: 20.1 | AS93: 39872 | AT93: -34.3 | AU93: 37072 | AV93: -23 | AW93: 28368 | AX93: 54.9 | AY93: 28368 | AZ93: 7.1 | BA93: 28368 | BB93: 1780 | BC93: 38960 | BD93: 6.34 | BE93: 36433 | BF93: 0.8 | BG93: 36769 | BH93: 6.7 | BI93: 30559 | BJ93: 12 | BK93: 28368 | BL93: 10.4 | BM93: 39325 | BN93: 8.9 | BO93: 37195 | BP93: 2.4 | BQ93: 29737 | BR93: 86.9 | BS93: 31290 | BT93: 92.4 | BU93: 25701 | BV93: 76.53 | BW93: 26102 | BX93: 104 | BY93: 26606 | BZ93: 133.34 | CA93: 28306 | CB93: 5.39 | CC93: 27443 | CD93: 181 | CE93: 30537 | CF93: 31.94 | CG93: 41085 | CH93: 137.1 | CI93: 31632 | CJ93: 1317.4 | CK93: 28985 | CL93: 45.814 | CM93: 40506 | CN93: 0.35 | CO93: 42870 | CP93: 99.06 | CQ93: 41089 | CR93: 197.37 | CS93: 41089 | CT93: 462.02 | CU93: 41089 | CV93: 440.76 | CW93: 41089 | CX93: 345.8088 | CY93: 41089 | CZ93: 147.14 | DA93: 41089 | DB93: 310.06 | DC93: 41089 | DD93: 358.92 | DE93: 41089 | DF93: 503.27 | DG93: 41089 | DH93: 187.8 | DI93: 41089 | DJ93: 222.94
A94: 34059 | B94: 0.7 | C94: 34059 | D94: 3.3 | E94: 34059 | F94: 5.8 | G94: 34059 | H94: 2.4 | I94: 28398 | J94: 6.8 | K94: 28398 | L94: 457 | M94: 43039 | N94: 157 | O94: 28398 | P94: 362.3 | Q94: 28398 | R94: 7 | S94: 28398 | T94: 6.2 | U94: 28398 | V94: 6.45117 | W94: 29859 | X94: 8.1 | Y94: 28398 | Z94: 8.19 | AA94: 28398 | AB94: 84.0778 | AC94: 36464 | AD94: 6.9 | AG94: 28398 | AH94: 53.9 | AM94: 38442 | AN94: 58 | AO94: 28398 | AP94: 0.41 | AQ94: 28398 | AR94: 11.2 | AS94: 39903 | AT94: -33.7 | AU94: 37103 | AV94: 0 | AW94: 28398 | AX94: 57.2 | AY94: 28398 | AZ94: 6.7 | BA94: 28398 | BB94: 1674 | BC94: 38990 | BD94: 6.28 | BE94: 36464 | BF94: 0.6 | BG94: 36799 | BH94: 7.4 | BI94: 30589 | BJ94: 12.3 | BK94: 28398 | BL94: 10.8 | BM94: 39355 | BN94: 8.3 | BO94: 37225 | BP94: -0.5 | BQ94: 29767 | BR94: 83 | BS94: 31320 | BT94: 92.1 | BU94: 25702 | BV94: 75.44 | BW94: 26109 | BX94: 103.16 | BY94: 26613 | BZ94: 133.12 | CA94: 28398 | CB94: 6.14 | CC94: 27444 | CD94: 184.25 | CE94: 30538 | CF94: 32.14 | CG94: 41086 | CH94: 137.1 | CI94: 31635 | CJ94: 1341.9 | CK94: 28986 | CL94: 45.883 | CM94: 40508 | CN94: 0.35 | CO94: 42871 | CP94: 98.41 | CQ94: 41180 | CR94: 210.07 | CS94: 41180 | CT94: 494.54 | CU94: 41180 | CV94: 465.29 | CW94: 41180 | CX94: 370.2602 | CY94: 41180 | CZ94: 157.13 | DA94: 41180 | DB94: 319.31 | DC94: 41180 | DD94: 369.97 | DE94: 41180 | DF94: 551.19 | DG94: 41180 | DH94: 184.89 | DI94: 41180 | DJ94: 232.88
A95: 34150 | B95: 2.3 | C95: 34150 | D95: 2.8 | E95: 34150 | F95: 5.2 | G95: 34150 | H95: 2.4 | I95: 28429 | J95: 6.8 | K95: 28429 | L95: 268 | M95: 43069 | N95: 249 | O95: 28429 | P95: 361.8 | Q95: 28429 | R95: 7.5 | S95: 28429 | T95: 6 | U95: 28429 | V95: 6.44373 | W95: 29890 | X95: 7.6 | Y95: 28429 | Z95: 8.34 | AA95: 28429 | AB95: 83.9767 | AC95: 36494 | AD95: 3.4 | AG95: 28429 | AH95: 55.4 | AM95: 38472 | AN95: 55.6 | AO95: 28429 | AP95: 0.43 | AQ95: 28429 | AR95: 15.9 | AS95: 39933 | AT95: -19.3 | AU95: 37134 | AV95: -8 | AW95: 28429 | AX95: 60 | AY95: 28429 | AZ95: 6.7 | BA95: 28429 | BB95: 1758 | BC95: 39021 | BD95: 6.36 | BE95: 36494 | BF95: 0.7 | BG95: 36830 | BH95: 6.8 | BI95: 30620 | BJ95: 13.1 | BK95: 28429 | BL95: 11.7 | BM95: 39386 | BN95: 8 | BO95: 37256 | BP95: -0.2 | BQ95: 29798 | BR95: 83.5 | BS95: 31351 | BT95: 88.4 | BU95: 25703 | BV95: 76.9 | BW95: 26114 | BX95: 104.71 | BY95: 26620 | BZ95: 132.33 | CA95: 28489 | CB95: 6.56 | CC95: 27445 | CD95: 183.75 | CE95: 30539 | CF95: 31.95 | CG95: 41087 | CH95: 135.9 | CI95: 31636 | CJ95: 1327.1 | CK95: 28989 | CL95: 45.665 | CM95: 40511 | CN95: 0.29 | CO95: 42872 | CP95: 91.43 | CQ95: 41274 | CR95: 221.24 | CS95: 41274 | CT95: 463.82 | CU95: 41274 | CV95: 462.95 | CW95: 41274 | CX95: 376.0574 | CY95: 41274 | CZ95: 146.04 | DA95: 41274 | DB95: 328.75 | DC95: 41274 | DD95: 360.78 | DE95: 41274 | DF95: 532.96 | DG95: 41274 | DH95: 177.66 | DI95: 41274 | DJ95: 237.62
A96: 34242 | B96: 1.9 | C96: 34242 | D96: 2.3 | E96: 34242 | F96: 4.8 | G96: 34242 | H96: 2 | I96: 28459 | J96: 6.8 | K96: 28459 | L96: 373 | M96: 43100 | N96: 70 | O96: 28459 | P96: 353.8 | Q96: 28459 | R96: 7.3 | S96: 28459 | T96: 5.9 | U96: 28459 | V96: 6.51056 | W96: 29920 | X96: 7.8 | Y96: 28459 | Z96: 6.89 | AA96: 28459 | AB96: 83.8911 | AC96: 36525 | AD96: 9.3 | AG96: 28459 | AH96: 56.1 | AM96: 38503 | AN96: 55.3 | AO96: 28459 | AP96: 0.51 | AQ96: 28459 | AR96: 18.2 | AS96: 39964 | AT96: -6 | AU96: 37164 | AV96: -8 | AW96: 28459 | AX96: 59.6 | AY96: 28459 | AZ96: 6 | BA96: 28459 | BB96: 1771 | BC96: 39051 | BD96: 6.34 | BE96: 36525 | BF96: 2.6 | BG96: 36860 | BH96: 6.4 | BI96: 30650 | BJ96: 12.9 | BK96: 28459 | BL96: 11.7 | BM96: 39416 | BN96: 8.1 | BO96: 37287 | BP96: 0.3 | BQ96: 29829 | BR96: 85.7 | BS96: 31381 | BT96: 90.9 | BU96: 25706 | BV96: 76.96 | BW96: 26116 | BX96: 104.8 | BY96: 26627 | BZ96: 133.02 | CA96: 28580 | CB96: 6.79 | CC96: 27446 | CD96: 184.75 | CE96: 30540 | CF96: 31.99 | CG96: 41088 | CH96: 135.1 | CI96: 31637 | CJ96: 1326.1 | CK96: 28990 | CL96: 45.71 | CM96: 40512 | CN96: 0.26 | CO96: 42873 | CP96: 102.3 | CQ96: 41362 | CR96: 245.41 | CS96: 41362 | CT96: 483.34 | CU96: 41362 | CV96: 533.42 | CW96: 41362 | CX96: 420.2655 | CY96: 41362 | CZ96: 158.01 | DA96: 41362 | DB96: 361.89 | DC96: 41362 | DD96: 410.47 | DE96: 41362 | DF96: 583.98 | DG96: 41362 | DH96: 198.69 | DI96: 41362 | DJ96: 247.52
A97: 34334 | B97: 5.6 | C97: 34334 | D97: 2.6 | E97: 34334 | F97: 5 | G97: 34334 | H97: 2.4 | I97: 28490 | J97: 6.4 | K97: 28490 | L97: 237 | M97: 43131 | N97: -37 | O97: 28490 | P97: 357.8 | Q97: 28490 | R97: 7.3 | S97: 28490 | T97: 6.5 | U97: 28490 | V97: 6.4823 | W97: 29951 | X97: 7.7 | Y97: 28490 | Z97: 5.94 | AA97: 28490 | AB97: 83.8023 | AC97: 36556 | AD97: 8.1 | AG97: 28490 | AH97: 59.8 | AM97: 38533 | AN97: 58.1 | AO97: 28490 | AP97: 0.77 | AQ97: 28490 | AR97: 30.6 | AS97: 39994 | AT97: -9.7 | AU97: 37195 | AV97: -15 | AW97: 28490 | AX97: 65.4 | AY97: 28490 | AZ97: 5.3 | BA97: 28490 | BB97: 1754 | BC97: 39082 | BD97: 6.4 | BE97: 36556 | BF97: -1.8 | BG97: 36891 | BH97: 4.1 | BI97: 30681 | BJ97: 14.3 | BK97: 28490 | BL97: 11.8 | BM97: 39447 | BN97: 7.5 | BO97: 37315 | BP97: 0.4 | BQ97: 29859 | BR97: 77.6 | BS97: 31412 | BT97: 93.9 | BU97: 25707 | BV97: 75.46 | BW97: 26123 | BX97: 105.74 | BY97: 26634 | BZ97: 133.94 | CA97: 28671 | CB97: 7.6 | CC97: 27449 | CD97: 185.25 | CE97: 30543 | CF97: 32 | CG97: 41089 | CH97: 135.1 | CI97: 31638 | CJ97: 1328.5 | CK97: 28991 | CL97: 45.73 | CM97: 40513 | CN97: 0.29 | CO97: 42874 | CP97: 129.49 | CQ97: 41453 | CR97: 262.06 | CS97: 41453 | CT97: 489.23 | CU97: 41453 | CV97: 551.18 | CW97: 41453 | CX97: 447.288 | CY97: 41453 | CZ97: 157.9 | DA97: 41453 | DB97: 369.95 | DC97: 41453 | DD97: 409.77 | DE97: 41453 | DF97: 578.54 | DG97: 41453 | DH97: 191.4 | DI97: 41453 | DJ97: 241.61
A98: 34424 | B98: 3.9 | C98: 34424 | D98: 3.4 | E98: 34424 | F98: 5.7 | G98: 34424 | H98: 2.1 | I98: 28521 | J98: 6.4 | K98: 28521 | L98: 184 | M98: 43159 | N98: 296 | O98: 28521 | P98: 351 | Q98: 28521 | R98: 7.6 | S98: 28521 | T98: 6.4 | U98: 28521 | V98: 6.47009 | W98: 29982 | X98: 7.2 | Y98: 28521 | Z98: 5.09 | AA98: 28521 | AB98: 82.3473 | AC98: 36585 | AD98: 2.1 | AG98: 28521 | AH98: 57.4 | AM98: 38564 | AN98: 59.5 | AO98: 28521 | AP98: -1.23 | AQ98: 28521 | AR98: 20.6 | AS98: 40025 | AT98: 0 | AU98: 37225 | AV98: -26 | AW98: 28521 | AX98: 65.5 | AY98: 28521 | AZ98: 4.7 | BA98: 28521 | BB98: 1740 | BC98: 39113 | BD98: 5.74 | BE98: 36585 | BF98: 1.3 | BG98: 36922 | BH98: 6.3 | BI98: 30712 | BJ98: 14 | BK98: 28521 | BL98: 12 | BM98: 39478 | BN98: 1.4 | BO98: 37346 | BP98: 0 | BQ98: 29890 | BR98: 75.6 | BS98: 31443 | BT98: 95.6 | BU98: 25708 | BV98: 73.52 | BW98: 26130 | BX98: 105.33 | BY98: 26641 | BZ98: 135.15 | CA98: 28762 | CB98: 8.45 | CC98: 27450 | CD98: 185 | CE98: 30544 | CF98: 31.98 | CG98: 41092 | CH98: 134.3 | CI98: 31639 | CJ98: 1327.3 | CK98: 28992 | CL98: 46.293 | CM98: 40514 | CN98: 0.33 | CO98: 42877 | CP98: 181.51 | CQ98: 41547 | CR98: 268.37 | CS98: 41547 | CT98: 519.26 | CU98: 41547 | CV98: 586.02 | CW98: 41547 | CX98: 480.3037 | CY98: 41547 | CZ98: 149.3 | DA98: 41547 | DB98: 400.7 | DC98: 41547 | DD98: 410.24 | DE98: 41547 | DF98: 604.86 | DG98: 41547 | DH98: 189.84 | DI98: 41547 | DJ98: 265.01
A99: 34515 | B99: 5.5 | C99: 34515 | D99: 4.2 | E99: 34515 | F99: 6.4 | G99: 34515 | H99: 1.9 | I99: 28549 | J99: 6.3 | K99: 28549 | L99: 354 | M99: 43190 | N99: 102 | O99: 28549 | P99: 382 | Q99: 28549 | R99: 7.4 | S99: 28549 | T99: 6.2 | U99: 28549 | V99: 6.22852 | W99: 30010 | X99: 6.6 | Y99: 28549 | Z99: 3.99 | AA99: 28549 | AB99: 82.5737 | AC99: 36616 | AD99: 4 | AG99: 28549 | AH99: 55.9 | AM99: 38595 | AN99: 61.3 | AO99: 28549 | AP99: 1.02 | AQ99: 28549 | AR99: 11.3 | AS99: 40056 | AT99: 12.7 | AU99: 37256 | AV99: -13 | AW99: 28549 | AX99: 61.9 | AY99: 28549 | AZ99: 4.7 | BA99: 28549 | BB99: 1736 | BC99: 39141 | BD99: 5.79 | BE99: 36616 | BF99: 1.9 | BG99: 36950 | BH99: 4.8 | BI99: 30741 | BJ99: 14.1 | BK99: 28549 | BL99: 11.7 | BM99: 39507 | BN99: 1 | BO99: 37376 | BP99: 0.5 | BQ99: 29920 | BR99: 66.9 | BS99: 31471 | BT99: 95.9 | BU99: 25709 | BV99: 72.16 | BW99: 26137 | BX99: 105.14 | BY99: 26648 | BZ99: 133.53 | CA99: 28853 | CB99: 10.03 | CC99: 27451 | CD99: 183 | CE99: 30545 | CF99: 31.87 | CG99: 41093 | CH99: 134.4 | CI99: 31642 | CJ99: 1307.6 | CK99: 28993 | CL99: 46.498 | CM99: 40515 | CN99: 0.31 | CO99: 42878 | CP99: 186.25 | CQ99: 41639 | CR99: 294.71 | CS99: 41639 | CT99: 585.48 | CU99: 41639 | CV99: 642.3 | CW99: 41639 | CX99: 530.0987 | CY99: 41639 | CZ99: 155.52 | DA99: 41639 | DB99: 452.46 | DC99: 41639 | DD99: 442.62 | DE99: 41639 | DF99: 651.67 | DG99: 41639 | DH99: 193.21 | DI99: 41639 | DJ99: 291.64
A100: 34607 | B100: 2.4 | C100: 34607 | D100: 4.3 | E100: 34607 | F100: 6.5 | G100: 34607 | H100: 2.1 | I100: 28580 | J100: 6.3 | K100: 28580 | L100: 512 | M100: 43220 | N100: 40 | O100: 28580 | P100: 343.5 | Q100: 28580 | R100: 7.5 | S100: 28580 | T100: 6.3 | U100: 28580 | V100: 6.35314 | W100: 30041 | X100: 6.5 | Y100: 28580 | Z100: 4.71 | AA100: 28580 | AB100: 83.9168 | AC100: 36646 | AD100: 3.7 | AG100: 28580 | AH100: 55 | AM100: 38625 | AN100: 55.7 | AO100: 28580 | AP100: 1.29 | AQ100: 28580 | AR100: 8.9 | AS100: 40086 | AT100: 21 | AU100: 37287 | AV100: -1 | AW100: 28580 | AX100: 57.9 | AY100: 28580 | AZ100: 4 | BA100: 28580 | BB100: 1799 | BC100: 39172 | BD100: 5.46 | BE100: 36646 | BF100: -0.7 | BG100: 36981 | BH100: 1.9 | BI100: 30772 | BJ100: 14 | BK100: 28580 | BL100: 12 | BM100: 39538 | BN100: 1.2 | BO100: 37407 | BP100: -0.4 | BQ100: 29951 | BR100: 66.6 | BS100: 31502 | BT100: 95.1 | BU100: 25710 | BV100: 72.25 | BW100: 26144 | BX100: 102.84 | BY100: 26655 | BZ100: 131.28 | CA100: 28944 | CB100: 10.09 | CC100: 27452 | CD100: 182.25 | CE100: 30546 | CF100: 31.72 | CG100: 41094 | CH100: 135 | CI100: 31643 | CJ100: 1315.6 | CK100: 28996 | CL100: 46.655 | CM100: 40518 | CN100: 0.25 | CO100: 42879 | CP100: 203.72 | CQ100: 41729 | CR100: 301.06 | CS100: 41729 | CT100: 596.36 | CU100: 41729 | CV100: 677.01 | CW100: 41729 | CX100: 513.3583 | CY100: 41729 | CZ100: 154.39 | DA100: 41729 | DB100: 450.69 | DC100: 41729 | DD100: 441.92 | DE100: 41729 | DF100: 652.9 | DG100: 41729 | DH100: 210.64 | DI100: 41729 | DJ100: 298.35
A101: 34699 | B101: 4.7 | C101: 34699 | D101: 4.1 | E101: 34699 | F101: 6.3 | G101: 34699 | H101: 2.2 | I101: 28610 | J101: 6.1 | K101: 28610 | L101: 702 | M101: 43251 | N101: 302 | O101: 28610 | P101: 324.3 | Q101: 28610 | R101: 7.8 | S101: 28610 | T101: 6.5 | U101: 28610 | V101: 6.51557 | W101: 30071 | X101: 5.8 | Y101: 28610 | Z101: 5.77 | AA101: 28610 | AB101: 85.3482 | AC101: 36677 | AD101: 4.3 | AG101: 28610 | AH101: 57.7 | AM101: 38656 | AN101: 57.4 | AO101: 28610 | AP101: 1.74 | AQ101: 28610 | AR101: 18.4 | AS101: 40117 | AT101: 33 | AU101: 37315 | AV101: 7 | AW101: 28610 | AX101: 62.7 | AY101: 28610 | AZ101: 5 | BA101: 28610 | BB101: 1948 | BC101: 39202 | BD101: 5.29 | BE101: 36677 | BF101: 0.2 | BG101: 37011 | BH101: 4.2 | BI101: 30802 | BJ101: 14.1 | BK101: 28610 | BL101: 12.4 | BM101: 39568 | BN101: 1.2 | BO101: 37437 | BP101: 0.3 | BQ101: 29982 | BR101: 64.9 | BS101: 31532 | BT101: 96.2 | BU101: 25713 | BV101: 70.25 | BW101: 26151 | BX101: 101.46 | BY101: 26662 | BZ101: 133.73 | CA101: 29035 | CB101: 10.29 | CC101: 27453 | CD101: 181.75 | CE101: 30550 | CF101: 31.53 | CG101: 41095 | CH101: 134.8 | CI101: 31644 | CJ101: 1313.2 | CK101: 28997 | CL101: 46.933 | CM101: 40519 | CN101: 0.29 | CO101: 42880 | CP101: 198.13 | CQ101: 41820 | CR101: 306.61 | CS101: 41820 | CT101: 632.46 | CU101: 41820 | CV101: 704.52 | CW101: 41820 | CX101: 529.4313 | CY101: 41820 | CZ101: 158.25 | DA101: 41820 | DB101: 465.61 | DC101: 41820 | DD101: 459.33 | DE101: 41820 | DF101: 727.63 | DG101: 41820 | DH101: 224.93 | DI101: 41820 | DJ101: 313.44
A102: 34789 | B102: 1.4 | C102: 34789 | D102: 3.5 | E102: 34789 | F102: 5.7 | G102: 34789 | H102: 2.3 | I102: 28641 | J102: 6 | K102: 28641 | L102: 347 | M102: 43281 | N102: 407 | O102: 28641 | P102: 327 | Q102: 28641 | R102: 7.8 | S102: 28641 | T102: 6.8 | U102: 28641 | V102: 6.5987 | W102: 30102 | X102: 5.7 | Y102: 28641 | Z102: 5.47 | AA102: 28641 | AB102: 85.5208 | AC102: 36707 | AD102: 19.5 | AG102: 28641 | AH102: 60.2 | AM102: 38686 | AN102: 59.1 | AO102: 28641 | AP102: 0.35 | AQ102: 28641 | AR102: 27.6 | AS102: 40147 | AT102: 25.8 | AU102: 37346 | AV102: 10 | AW102: 28641 | AX102: 62.6 | AY102: 28641 | AZ102: 4.8 | BA102: 28641 | BB102: 1766 | BC102: 39233 | BD102: 5.27 | BE102: 36707 | BF102: 0.6 | BG102: 37042 | BH102: 4.3 | BI102: 30833 | BJ102: 14.6 | BK102: 28641 | BL102: 12.5 | BM102: 39599 | BN102: 1.3 | BO102: 37468 | BP102: 0.7 | BQ102: 30010 | BR102: 62.3 | BS102: 31563 | BT102: 94.8 | BU102: 25714 | BV102: 69.29 | BW102: 26158 | BX102: 102.97 | BY102: 26669 | BZ102: 135.91 | CA102: 29126 | CB102: 11.43 | CC102: 27456 | CD102: 181.85 | CE102: 30551 | CF102: 31.65 | CG102: 41096 | CH102: 134.8 | CI102: 31645 | CJ102: 1317.9 | CK102: 28998 | CL102: 46.945 | CM102: 40520 | CN102: 0.3 | CO102: 42881 | CP102: 182.68 | CQ102: 41912 | CR102: 312.29 | CS102: 41912 | CT102: 659.92 | CU102: 41912 | CV102: 739.96 | CW102: 41912 | CX102: 528.9012 | CY102: 41912 | CZ102: 161.13 | DA102: 41912 | DB102: 458.12 | DC102: 41912 | DD102: 465.07 | DE102: 41912 | DF102: 661.05 | DG102: 41912 | DH102: 213.99 | DI102: 41912 | DJ102: 312.57
A103: 34880 | B103: 1.2 | C103: 34880 | D103: 2.4 | E103: 34880 | F103: 4.6 | G103: 34880 | H103: 2 | I103: 28671 | J103: 5.9 | K103: 28671 | L103: 441 | M103: 43312 | N103: 193 | O103: 28671 | P103: 333.8 | Q103: 28671 | R103: 8.1 | S103: 28671 | T103: 7 | U103: 28671 | V103: 6.55619 | W103: 30132 | X103: 5.7 | Y103: 28671 | Z103: 5.32 | AA103: 28671 | AB103: 85.8308 | AC103: 36738 | AD103: 0.2 | AG103: 28671 | AH103: 60.5 | AM103: 38717 | AN103: 59 | AO103: 28671 | AP103: 0.79 | AQ103: 28671 | AR103: 23.2 | AS103: 40178 | AT103: 5.2 | AU103: 37376 | AV103: 15 | AW103: 28671 | AX103: 62.6 | AY103: 28671 | AZ103: 4.5 | BA103: 28671 | BB103: 1983 | BC103: 39263 | BD103: 5.12 | BE103: 36738 | BF103: 0.3 | BG103: 37072 | BH103: 3.3 | BI103: 30863 | BJ103: 14.4 | BK103: 28671 | BL103: 12.8 | BM103: 39629 | BN103: 1.1 | BO103: 37499 | BP103: 0.1 | BQ103: 30041 | BR103: 56.7 | BS103: 31593 | BT103: 99.3 | BU103: 25715 | BV103: 72.77 | BW103: 26162 | BX103: 104.94 | BY103: 26676 | BZ103: 136.01 | CA103: 29220 | CB103: 13.78 | CC103: 27457 | CD103: 179.75 | CE103: 30552 | CF103: 31.57 | CG103: 41099 | CH103: 134.7 | CI103: 31646 | CJ103: 1309.4 | CK103: 28999 | CL103: 47.074 | CM103: 40521 | CN103: 0.25 | CO103: 42885 | CP103: 233.64 | CQ103: 42004 | CR103: 333.32 | CS103: 42004 | CT103: 691.95 | CU103: 42004 | CV103: 791.97 | CW103: 42004 | CX103: 572.7496 | CY103: 42004 | CZ103: 152.55 | DA103: 42004 | DB103: 486.47 | DC103: 42004 | DD103: 499.58 | DE103: 42004 | DF103: 586.59 | DG103: 42004 | DH103: 240.14 | DI103: 42004 | DJ103: 305.28
A104: 34972 | B104: 3.5 | C104: 34972 | D104: 2.7 | E104: 34972 | F104: 4.8 | G104: 34972 | H104: 1.8 | I104: 28702 | J104: 6.2 | K104: 28702 | L104: 254 | M104: 43343 | N104: 190 | O104: 28702 | P104: 350.8 | Q104: 28702 | R104: 8.1 | S104: 28702 | T104: 7.4 | U104: 28702 | V104: 6.5258 | W104: 30163 | X104: 5.6 | Y104: 28702 | Z104: 5.1 | AA104: 28702 | AB104: 85.5323 | AC104: 36769 | AD104: 0.6 | AG104: 28702 | AH104: 62.2 | AM104: 38748 | AN104: 56.3 | AO104: 28702 | AP104: -0.1 | AQ104: 28702 | AR104: 17.9 | AS104: 40209 | AT104: 15.1 | AU104: 37407 | AV104: 4 | AW104: 28702 | AX104: 63.9 | AY104: 28702 | AZ104: 4.1 | BA104: 28702 | BB104: 1786 | BC104: 39294 | BD104: 5.07 | BE104: 36769 | BF104: 0.1 | BG104: 37103 | BH104: 2.9 | BI104: 30894 | BJ104: 14.5 | BK104: 28702 | BL104: 12.8 | BM104: 39660 | BN104: 0.3 | BO104: 37529 | BP104: -0.5 | BQ104: 30071 | BR104: 57 | BS104: 31624 | BT104: 97.7 | BU104: 25716 | BV104: 74.61 | BW104: 26165 | BX104: 105.72 | BY104: 26683 | BZ104: 133.87 | CA104: 29311 | CB104: 17.19 | CC104: 27458 | CD104: 178.5 | CE104: 30553 | CF104: 31.73 | CG104: 41100 | CH104: 134.7 | CI104: 31650 | CJ104: 1301.7 | CK104: 29000 | CL104: 47.327 | CM104: 40522 | CN104: 0.25 | CO104: 42886 | CP104: 239.72 | CQ104: 42094 | CR104: 324.95 | CS104: 42094 | CT104: 693.12 | CU104: 42094 | CV104: 840.73 | CW104: 42094 | CX104: 597.8616 | CY104: 42094 | CZ104: 152.93 | DA104: 42094 | DB104: 479.67 | DC104: 42094 | DD104: 501.33 | DE104: 42094 | DF104: 565.76 | DG104: 42094 | DH104: 225.68 | DI104: 42094 | DJ104: 306.51
... A141: 38352 | B141: 4.1 | C141: 38352 | D141: 3.4 | E141: 38352 | F141: 6.4 | G141: 38352 | H141: 3.1 | I141: 29829 | J141: 7.4 | K141: 29829 | L141: -36 | M141: 44469 | N141: 877 | O141: 29829 | P141: 443.8 | Q141: 29829 | R141: 9 | S141: 29829 | T141: 11.6 | U141: 29829 | V141: 8.7372 | W141: 31290 | X141: 2.5 | Y141: 29829 | Z141: 6.06 | AA141: 29829 | AB141: 80.2571 | AC141: 37894 | AD141: 7.5 | AG141: 29829 | AH141: 48.3 | AM141: 39872 | AN141: 41.6 | AO141: 29829 | AP141: -0.45 | AQ141: 29829 | AR141: 16.8 | AS141: 41333 | AT141: 9.2 | AU141: 38533 | AV141: 3 | AW141: 29829 | AX141: 48.7 | AY141: 29829 | AZ141: -2.3 | BA141: 29829 | BB141: 889 | BC141: 40421 | BD141: 3.68 | BE141: 37894 | BF141: -0.1 | BG141: 38230 | BH141: 5.4 | BI141: 32020 | BJ141: 16.8 | BK141: 29829 | BL141: 13.4 | BM141: 40786 | BN141: 1.3 | BO141: 38656 | BP141: 0.3 | BQ141: 31198 | BR141: 99.6 | BS141: 32751 | BT141: 89.6 | BU141: 25770 | BV141: 76.98 | BW141: 26319 | BX141: 111.89 | BY141: 26942 | BZ141: 112.56 | CA141: 32689 | CB141: 9.53 | CC141: 27512 | CD141: 166.5 | CE141: 30607 | CF141: 30.68 | CG141: 41151 | CH141: 91.8 | CI141: 31702 | CJ141: 1332.5 | CK141: 29055 | CL141: 49.09 | CM141: 40577 | CN141: 0.86 | CO141: 42940 | CP141: 240.09 | CQ141: 45467 | CR141: 695.61 | CS141: 45467 | CT141: 4315.09 | CU141: 45467 | CV141: 1719.36 | CW141: 45467 | CX141: 1484.0634 | CY141: 45467 | CZ141: 307.31 | DA141: 45467 | DB141: 1050.53 | DC141: 45467 | DD141: 833.66 | DE141: 45467 | DF141: 693.34 | DG141: 45467 | DH141: 354.43 | DI141: 45467 | DJ141: 568
A142: 38442 | B142: 4.5 | C142: 38442 | D142: 3.9 | E142: 38442 | F142: 7.1 | G142: 38442 | H142: 3.1 | I142: 29859 | J142: 7.6 | K142: 29859 | L142: -88 | M142: 44500 | N142: 667 | O142: 29859 | P142: 477.3 | Q142: 29859 | R142: 8.9 | S142: 29859 | T142: 11.8 | U142: 29859 | V142: 8.42797 | W142: 31320 | X142: 1.7 | Y142: 29859 | Z142: 3.8 | AA142: 29859 | AB142: 79.6687 | AC142: 37925 | AD142: 9.5 | AG142: 29859 | AH142: 42.5 | AM142: 39903 | AN142: 40.1 | AO142: 29859 | AP142: -0.96 | AQ142: 29859 | AR142: 7.5 | AS142: 41364 | AT142: 4.9 | AU142: 38564 | AV142: -10 | AW142: 29859 | AX142: 42.8 | AY142: 29859 | AZ142: -4.4 | BA142: 29859 | BB142: 847 | BC142: 40451 | BD142: 3.84 | BE142: 37925 | BF142: 0.1 | BG142: 38260 | BH142: 6.4 | BI142: 32050 | BJ142: 15.8 | BK142: 29859 | BL142: 12.4 | BM142: 40816 | BN142: 1.4 | BO142: 38686 | BP142: 0.3 | BQ142: 31228 | BR142: 102.6 | BS142: 32781 | BT142: 95.8 | BU142: 25771 | BV142: 77.03 | BW142: 26322 | BX142: 110.96 | BY142: 26949 | BZ142: 114.1 | CA142: 32780 | CB142: 9.02 | CC142: 27513 | CD142: 167.05 | CE142: 30608 | CF142: 30.32 | CG142: 41152 | CH142: 89.8 | CI142: 31705 | CJ142: 1337 | CK142: 29056 | CL142: 49.259 | CM142: 40578 | CN142: 1.01 | CO142: 42941 | CP142: 203.15
A143: 38533 | B143: 2 | C143: 38533 | D143: 3.6 | E143: 38533 | F143: 6.7 | G143: 38533 | H143: 2.9 | I143: 29890 | J143: 7.9 | K143: 29890 | L143: -97 | M143: 44530 | N143: 662 | O143: 29890 | P143: 493.8 | Q143: 29890 | R143: 8.1 | S143: 29890 | T143: 10.9 | U143: 29890 | V143: 8.18474 | W143: 31351 | X143: 2.9 | Y143: 29890 | Z143: 1.75 | AA143: 29890 | AB143: 78.866 | AC143: 37955 | AD143: 5.5 | AG143: 29890 | AH143: 40 | AM143: 39933 | AN143: 43.7 | AO143: 29890 | AP143: -1.26 | AQ143: 29890 | AR143: -13.2 | AS143: 41394 | AT143: 4.5 | AU143: 38595 | AV143: 3 | AW143: 29890 | AX143: 43 | AY143: 29890 | AZ143: -5.8 | BA143: 29890 | BB143: 731 | BC143: 40482 | BD143: 3.83 | BE143: 37955 | BF143: 0.8 | BG143: 38291 | BH143: 7.6 | BI143: 32081 | BJ143: 14 | BK143: 29890 | BL143: 10.6 | BM143: 40847 | BN143: 1.3 | BO143: 38717 | BP143: 0.4 | BQ143: 31259 | BR143: 103.2 | BS143: 32812 | BT143: 93.9 | BU143: 25772 | BV143: 78 | BW143: 26323 | BX143: 110.97 | BY143: 26956 | BZ143: 113.25 | CA143: 32871 | CB143: 8.45 | CC143: 27514 | CD143: 167 | CE143: 30609 | CF143: 30.3 | CG143: 41155 | CH143: 88.3 | CI143: 31706 | CJ143: 1342.3 | CK143: 29059 | CL143: 49.138 | CM143: 40581 | CN143: 1.11 | CO143: 42942 | CP143: 212.93
A144: 38625 | B144: 3.2 | C144: 38625 | D144: 3.4 | E144: 38625 | F144: 6.8 | G144: 38625 | H144: 3.8 | I144: 29920 | J144: 8.3 | K144: 29920 | L144: -209 | M144: 44561 | N144: 790 | O144: 29920 | P144: 511.8 | Q144: 29920 | R144: 7.8 | S144: 29920 | T144: 10.2 | U144: 29920 | V144: 7.96547 | W144: 31381 | X144: 2.6 | Y144: 29920 | Z144: -1.06 | AA144: 29920 | AB144: 77.7627 | AC144: 37986 | AD144: 12.5 | AG144: 29920 | AH144: 36.1 | AM144: 39964 | AN144: 44.4 | AO144: 29920 | AP144: -1.33 | AQ144: 29920 | AR144: -25.7 | AS144: 41425 | AT144: -1.1 | AU144: 38625 | AV144: 2 | AW144: 29920 | AX144: 34.4 | AY144: 29920 | AZ144: -6.2 | BA144: 29920 | BB144: 748 | BC144: 40512 | BD144: 4.02 | BE144: 37986 | BF144: 0.2 | BG144: 38321 | BH144: 7.4 | BI144: 32111 | BJ144: 14.2 | BK144: 29920 | BL144: 10.2 | BM144: 40877 | BN144: 0.9 | BO144: 38748 | BP144: 0.5 | BQ144: 31290 | BR144: 100.9 | BS144: 32842 | BT144: 90.9 | BU144: 25773 | BV144: 77.82 | BW144: 26324 | BX144: 111.02 | BY144: 26963 | BZ144: 112.79 | CA144: 32962 | CB144: 8.28 | CC144: 27515 | CD144: 166 | CE144: 30610 | CF144: 30.33 | CG144: 41156 | CH144: 88 | CI144: 31707 | CJ144: 1341.4 | CK144: 29060 | CL144: 49.335 | CM144: 40582 | CN144: 1.15 | CO144: 42943 | CP144: 211.81
A145: 38717 | B145: 2.2 | C145: 38717 | D145: 3 | E145: 38717 | F145: 6.4 | G145: 38717 | H145: 3.2 | I145: 29951 | J145: 8.5 | K145: 29951 | L145: -276 | M145: 44592 | N145: 328 | O145: 29951 | P145: 535.3 | Q145: 29951 | R145: 7.2 | S145: 29951 | T145: 9.5 | U145: 29951 | V145: 7.718 | W145: 31412 | X145: 2.7 | Y145: 29951 | Z145: -2.79 | AA145: 29951 | AB145: 76.7466 | AC145: 38017 | AD145: 3 | AG145: 29951 | AH145: 37.8 | AM145: 39994 | AN145: 46.4 | AO145: 29951 | AP145: -1.53 | AQ145: 29951 | AR145: -34.5 | AS145: 41455 | AT145: 4.5 | AU145: 38656 | AV145: 4 | AW145: 29951 | AX145: 34.4 | AY145: 29951 | AZ145: -6 | BA145: 29951 | BB145: 796 | BC145: 40543 | BD145: 4.27 | BE145: 38017 | BF145: 1.1 | BG145: 38352 | BH145: 8.1 | BI145: 32142 | BJ145: 15.4 | BK145: 29951 | BL145: 9.2 | BM145: 40908 | BN145: 0.8 | BO145: 38776 | BP145: 0.2 | BQ145: 31320 | BR145: 96 | BS145: 32873 | BT145: 90.5 | BU145: 25776 | BV145: 77.65 | BW145: 26325 | BX145: 111.98 | BY145: 26970 | BZ145: 108.93 | CA145: 33053 | CB145: 8.29 | CC145: 27516 | CD145: 165.5 | CE145: 30613 | CF145: 30.44 | CG145: 41157 | CH145: 87.5 | CI145: 31708 | CJ145: 1337.3 | CK145: 29061 | CL145: 49.766 | CM145: 40583 | CN145: 1.36 | CO145: 42944 | CP145: 207.66
A146: 38807 | B146: 5.5 | C146: 38807 | D146: 3.2 | E146: 38807 | F146: 6.5 | G146: 38807 | H146: 2.8 | I146: 29982 | J146: 8.6 | K146: 29982 | L146: -330 | M146: 44620 | N146: 449 | O146: 29982 | P146: 545.3 | Q146: 29982 | R146: 7.4 | S146: 29982 | T146: 9.3 | U146: 29982 | V146: 7.44587 | W146: 31443 | X146: 2.3 | Y146: 29982 | Z146: -4.16 | AA146: 29982 | AB146: 75.0122 | AC146: 38046 | AD146: 6.3 | AG146: 29982 | AH146: 38.2 | AM146: 40025 | AN146: 47.1 | AO146: 29982 | AP146: -1.79 | AQ146: 29982 | AR146: -19.9 | AS146: 41486 | AT146: 5.2 | AU146: 38686 | AV146: 2 | AW146: 29982 | AX146: 35.6 | AY146: 29982 | AZ146: -5.9 | BA146: 29982 | BB146: 794 | BC146: 40574 | BD146: 4.42 | BE146: 38046 | BF146: 0.1 | BG146: 38383 | BH146: 6.9 | BI146: 32173 | BJ146: 15.8 | BK146: 29982 | BL146: 8.9 | BM146: 40939 | BN146: 1 | BO146: 38807 | BP146: 0.2 | BQ146: 31351 | BR146: 96.1 | BS146: 32904 | BT146: 93 | BU146: 25777 | BV146: 77.77 | BW146: 26326 | BX146: 112.71 | BY146: 26977 | BZ146: 105.77 | CA146: 33144 | CB146: 8.2 | CC146: 27519 | CD146: 163.5 | CE146: 30614 | CF146: 30.43 | CG146: 41158 | CH146: 86.6 | CI146: 31709 | CJ146: 1333 | CK146: 29062 | CL146: 49.991 | CM146: 40584 | CN146: 1.23 | CO146: 42947 | CP146: 213.88
A147: 38898 | B147: 1 | C147: 38898 | D147: 3 | E147: 38898 | F147: 6.4 | G147: 38898 | H147: 3.6 | I147: 30010 | J147: 8.9 | K147: 30010 | L147: -2 | M147: 44651 | N147: 380 | O147: 30010 | P147: 533.8 | Q147: 30010 | R147: 6.9 | S147: 30010 | T147: 9.1 | U147: 30010 | V147: 7.0781 | W147: 31471 | X147: 2 | Y147: 30010 | Z147: -1.81 | AA147: 30010 | AB147: 76.3833 | AC147: 38077 | AD147: 13.6 | AG147: 30010 | AH147: 38.3 | AM147: 40056 | AN147: 48.9 | AO147: 30010 | AP147: 0.88 | AQ147: 30010 | AR147: -15.4 | AS147: 41517 | AT147: 9.7 | AU147: 38717 | AV147: -3 | AW147: 30010 | AX147: 32.2 | AY147: 30010 | AZ147: -4.7 | BA147: 30010 | BB147: 808 | BC147: 40602 | BD147: 4.16 | BE147: 38077 | BF147: 1.9 | BG147: 38411 | BH147: 7.9 | BI147: 32202 | BJ147: 16.2 | BK147: 30010 | BL147: 8.9 | BM147: 40968 | BN147: 1.7 | BO147: 38837 | BP147: 0.2 | BQ147: 31381 | BR147: 98.1 | BS147: 32932 | BT147: 89.5 | BU147: 25778 | BV147: 78.04 | BW147: 26329 | BX147: 112.77 | BY147: 26984 | BZ147: 101.38 | CA147: 33238 | CB147: 7.31 | CC147: 27520 | CD147: 164 | CE147: 30615 | CF147: 30.23 | CG147: 41159 | CH147: 89.7 | CI147: 31712 | CJ147: 1330.5 | CK147: 29063 | CL147: 50.269 | CM147: 40585 | CN147: 1.34 | CO147: 42948 | CP147: 244.5
A148: 38990 | B148: 0.6 | C148: 38990 | D148: 2.3 | E148: 38990 | F148: 5.5 | G148: 38990 | H148: 3 | I148: 30041 | J148: 9 | K148: 30041 | L148: -129 | M148: 44681 | N148: 284 | O148: 30041 | P148: 556.5 | Q148: 30041 | R148: 6.4 | S148: 30041 | T148: 8.8 | U148: 30041 | V148: 6.95232 | W148: 31502 | X148: 2 | Y148: 30041 | Z148: -2.97 | AA148: 30041 | AB148: 75.7186 | AC148: 38107 | AD148: 9.3 | AG148: 30041 | AH148: 36.8 | AM148: 40086 | AN148: 50.1 | AO148: 30041 | AP148: -0.95 | AQ148: 30041 | AR148: -15.7 | AS148: 41547 | AT148: 7.7 | AU148: 38748 | AV148: 6 | AW148: 30041 | AX148: 32 | AY148: 30041 | AZ148: -5.5 | BA148: 30041 | BB148: 891 | BC148: 40633 | BD148: 4.26 | BE148: 38107 | BF148: -0.5 | BG148: 38442 | BH148: 6 | BI148: 32233 | BJ148: 15.8 | BK148: 30041 | BL148: 8 | BM148: 40999 | BN148: 1.2 | BO148: 38868 | BP148: 0.2 | BQ148: 31412 | BR148: 98.2 | BS148: 32963 | BT148: 91.3 | BU148: 25779 | BV148: 78.07 | BW148: 26330 | BX148: 112.79 | BY148: 26991 | BZ148: 97.3 | CA148: 33326 | CB148: 6.12 | CC148: 27521 | CD148: 165.25 | CE148: 30616 | CF148: 30.31 | CG148: 41162 | CH148: 95 | CI148: 31713 | CJ148: 1324.4 | CK148: 29066 | CL148: 50.413 | CM148: 40588 | CN148: 1.34 | CO148: 42949 | CP148: 229.83
A149: 39082 | B149: 3.5 | C149: 39082 | D149: 2.6 | E149: 39082 | F149: 5.4 | G149: 39082 | H149: 1.5 | I149: 30071 | J149: 9.3 | K149: 30071 | L149: -284 | M149: 44712 | N149: 204 | O149: 30071 | P149: 586.5 | Q149: 30071 | R149: 6 | S149: 30071 | T149: 8.9 | U149: 30071 | V149: 6.69407 | W149: 31532 | X149: 2.3 | Y149: 30071 | Z149: -3.42 | AA149: 30071 | AB149: 74.8888 | AC149: 38138 | AD149: 5.5 | AG149: 30071 | AH149: 37.8 | AM149: 40117 | AN149: 51 | AO149: 30071 | AP149: -1.05 | AQ149: 30071 | AR149: -3.2 | AS149: 41578 | AT149: 3.6 | AU149: 38776 | AV149: 1 | AW149: 30071 | AX149: 34.1 | AY149: 30071 | AZ149: -5.9 | BA149: 30071 | BB149: 888 | BC149: 40663 | BD149: 4.17 | BE149: 38138 | BF149: 1.1 | BG149: 38472 | BH149: 8 | BI149: 32263 | BJ149: 15.2 | BK149: 30071 | BL149: 8.6 | BM149: 41029 | BN149: 1.4 | BO149: 38898 | BP149: 0.1 | BQ149: 31443 | BR149: 96.9 | BS149: 32993 | BT149: 93.9 | BU149: 25780 | BV149: 78.05 | BW149: 26331 | BX149: 113.4 | BY149: 26998 | BZ149: 93.51 | CA149: 33417 | CB149: 5.9 | CC149: 27522 | CD149: 166.25 | CE149: 30617 | CF149: 30.26 | CG149: 41163 | CH149: 99 | CI149: 31714 | CJ149: 1317.4 | CK149: 29067 | CL149: 50.723 | CM149: 40589 | CN149: 1.31 | CO149: 42950 | CP149: 238.64
A150: 39172 | B150: 1.2 | C150: 39172 | D150: 1.6 | E150: 39172 | F150: 4.5 | G150: 39172 | H150: 4.1 | I150: 30102 | J150: 9.4 | K150: 30102 | L150: -43 | M150: 44742 | N150: 485 | O150: 30102 | P150: 585.8 | Q150: 30102 | R150: 6.2 | S150: 30102 | T150: 8.7 | U150: 30102 | V150: 6.54071 | W150: 31563 | X150: 2.1 | Y150: 30102 | Z150: -4.63 | AA150: 30102 | AB150: 74.2587 | AC150: 38168 | AD150: 7.3 | AG150: 30102 | AH150: 35.5 | AM150: 40147 | AN150: 49.5 | AO150: 30102 | AP150: -0.61 | AQ150: 30102 | AR150: -4.6 | AS150: 41608 | AT150: 2.2 | AU150: 38807 | AV150: 14 | AW150: 30102 | AX150: 35.9 | AY150: 30102 | AZ150: -5.7 | BA150: 30102 | BB150: 953 | BC150: 40694 | BD150: 4.14 | BE150: 38168 | BF150: -0.1 | BG150: 38503 | BH150: 6.2 | BI150: 32294 | BJ150: 15.6 | BK150: 30102 | BL150: 8.4 | BM150: 41060 | BN150: 1.5 | BO150: 38929 | BP150: 0.6 | BQ150: 31471 | BR150: 96 | BS150: 33024 | BT150: 90.6 | BU150: 25783 | BV150: 77.02 | BW150: 26332 | BX150: 113.38 | BY150: 27005 | BZ150: 92.32 | CA150: 33511 | CB150: 5.45 | CC150: 27523 | CD150: 165.75 | CE150: 30620 | CF150: 30.37 | CG150: 41164 | CH150: 100.5 | CI150: 31715 | CJ150: 1305.4 | CK150: 29068 | CL150: 50.965 | CM150: 40590 | CN150: 1.31 | CO150: 42951 | CP150: 245.67
A151: 39263 | B151: 2.5 | C151: 39263 | D151: 1.9 | E151: 39263 | F151: 4.7 | G151: 39263 | H151: 2.6 | I151: 30132 | J151: 9.6 | K151: 30132 | L151: -242 | M151: 44773 | N151: 478 | O151: 30132 | P151: 596.8 | Q151: 30132 | R151: 5.8 | S151: 30132 | T151: 8.6 | U151: 30132 | V151: 6.54473 | W151: 31593 | X151: 2.1 | Y151: 30132 | Z151: -5.37 | AA151: 30132 | AB151: 73.9501 | AC151: 38199 | AD151: 9 | AG151: 30132 | AH151: 38.3 | AM151: 40178 | AN151: 49.7 | AO151: 30132 | AP151: -1.15 | AQ151: 30132 | AR151: 2.2 | AS151: 41639 | AT151: 3.2 | AU151: 38837 | AV151: 8 | AW151: 30132 | AX151: 36 | AY151: 30132 | AZ151: -5.9 | BA151: 30132 | BB151: 913 | BC151: 40724 | BD151: 4.23 | BE151: 38199 | BF151: 0.5 | BG151: 38533 | BH151: 7.5 | BI151: 32324 | BJ151: 15.5 | BK151: 30132 | BL151: 7.8 | BM151: 41090 | BN151: 1.2 | BO151: 38960 | BP151: -0.3 | BQ151: 31502 | BR151: 95.1 | BS151: 33054 | BT151: 88.3 | BU151: 25784 | BV151: 77.19 | BW151: 26333 | BX151: 113.42 | BY151: 27012 | BZ151: 89.63 | CA151: 33603 | CB151: 4.43 | CC151: 27526 | CD151: 165.4 | CE151: 30621 | CF151: 30.38 | CG151: 41165 | CH151: 98 | CI151: 31716 | CJ151: 1312.1 | CK151: 29069 | CL151: 51.154 | CM151: 40591 | CN151: 1.3 | CO151: 42954 | CP151: 282.91
A152: 39355 | B152: 2.3 | C152: 39355 | D152: 2.4 | E152: 39355 | F152: 5 | G152: 39355 | H152: 1.7 | I152: 30163 | J152: 9.8 | K152: 30163 | L152: -344 | M152: 44804 | N152: 282 | O152: 30163 | P152: 570 | Q152: 30163 | R152: 5.8 | S152: 30163 | T152: 7.6 | U152: 30163 | V152: 6.59252 | W152: 31624 | X152: 2.1 | Y152: 30163 | Z152: -6.33 | AA152: 30163 | AB152: 73.5908 | AC152: 38230 | AD152: 8.2 | AG152: 30163 | AH152: 38.4 | AM152: 40209 | AN152: 50 | AO152: 30163 | AP152: -0.77 | AQ152: 30163 | AR152: 2.8 | AS152: 41670 | AT152: 12.8 | AU152: 38868 | AV152: -4 | AW152: 30163 | AX152: 38.1 | AY152: 30163 | AZ152: -4.9 | BA152: 30163 | BB152: 1044 | BC152: 40755 | BD152: 4.15 | BE152: 38230 | BF152: 0.1 | BG152: 38564 | BH152: 7.1 | BI152: 32355 | BJ152: 15.4 | BK152: 30163 | BL152: 6.2 | BM152: 41121 | BN152: 1.2 | BO152: 38990 | BP152: 0.6 | BQ152: 31532 | BR152: 100 | BS152: 33085 | BT152: 88.2 | BU152: 25785 | BV152: 77.18 | BW152: 26336 | BX152: 113.19 | BY152: 27019 | BZ152: 89.52 | CA152: 33694 | CB152: 3.98 | CC152: 27527 | CD152: 165.5 | CE152: 30622 | CF152: 30.35 | CG152: 41166 | CH152: 101 | CI152: 31719 | CJ152: 1312.4 | CK152: 29070 | CL152: 51.174 | CM152: 40592 | CN152: 1.13 | CO152: 42955 | CP152: 313.49
A153: 39447 | B153: 2.5 | C153: 39447 | D153: 2.1 | E153: 39447 | F153: 4.8 | G153: 39447 | H153: 1.9 | I153: 30194 | J153: 9.8 | K153: 30194 | L153: -158 | M153: 44834 | N153: 277 | O153: 30194 | P153: 629.5 | Q153: 30194 | R153: 5.4 | S153: 30194 | T153: 7.1 | U153: 30194 | V153: 6.37097 | W153: 31655 | X153: 2 | Y153: 30194 | Z153: -7.06 | AA153: 30194 | AB153: 72.8353 | AC153: 38260 | AD153: 5.3 | AG153: 30194 | AH153: 38.3 | AM153: 40237 | AN153: 51.7 | AO153: 30194 | AP153: -1.07 | AQ153: 30194 | AR153: -3.2 | AS153: 41698 | AT153: 6.8 | AU153: 38898 | AV153: -3 | AW153: 30194 | AX153: 34.8 | AY153: 30194 | AZ153: -5.2 | BA153: 30194 | BB153: 926 | BC153: 40786 | BD153: 4.38 | BE153: 38260 | BF153: 0.9 | BG153: 38595 | BH153: 8.8 | BI153: 32386 | BJ153: 15.1 | BK153: 30194 | BL153: 5.7 | BM153: 41152 | BN153: 1.3 | BO153: 39021 | BP153: 0.4 | BQ153: 31563 | BR153: 100.2 | BS153: 33116 | BT153: 76.4 | BU153: 25786 | BV153: 77.08 | BW153: 26337 | BX153: 113.4 | BY153: 27026 | BZ153: 91.68 | CA153: 33785 | CB153: 3.76 | CC153: 27528 | CD153: 166.75 | CE153: 30623 | CF153: 30.42 | CG153: 41169 | CH153: 107 | CI153: 31720 | CJ153: 1318.5 | CK153: 29073 | CL153: 51.19 | CM153: 40596 | CN153: 1.09 | CO153: 42956 | CP153: 326.72
... A173: 41274 | B173: 0.5 | C173: 41274 | D173: 1.6 | E173: 41274 | F173: 3.6 | G173: 41274 | H173: 1.8 | I173: 30802 | J173: 7.7 | K173: 30802 | L173: 363 | M173: 45443 | N173: 152 | O173: 30802 | P173: 369.3 | Q173: 30802 | R173: 3.9 | S173: 30802 | T173: 5 | U173: 30802 | V173: 4.59526 | W173: 32263 | X173: 2.7 | Y173: 30802 | Z173: 11.08 | AA173: 30802 | AB173: 80.5838 | AC173: 38868 | AD173: 5.9 | AG173: 30802 | AH173: 61 | AM173: 40847 | AN173: 52.8 | AO173: 30802 | AP173: 0.56 | AQ173: 30802 | AR173: 36.9 | AS173: 42308 | AT173: -13.7 | AU173: 39507 | AV173: -12 | AW173: 30802 | AX173: 69.3 | AY173: 30802 | AZ173: 12 | BA173: 30802 | BB173: 1776 | BC173: 41394 | BD173: 5.09 | BE173: 38868 | BF173: 0 | BG173: 39202 | BH173: 2.6 | BI173: 32993 | BJ173: 14 | BK173: 30802 | BL173: 10.9 | BM173: 41759 | BN173: 2.6 | BO173: 39629 | BP173: -0.2 | BQ173: 32173 | BR173: 109.9 | BS173: 33724 | BT173: 77.2 | BU173: 25814 | BV173: 82.09 | BW173: 26365 | BX173: 118.63 | BY173: 27166 | BZ173: 81.93 | CA173: 35611 | CB173: 5.56 | CC173: 27557 | CD173: 165.5 | CE173: 30657 | CF173: 29.06 | CG173: 41204 | CH173: 119 | CI173: 31749 | CJ173: 1341.2 | CK173: 29102 | CL173: 53.693 | CM173: 40624 | CN173: 1.01 | CO173: 42985 | CP173: 351.17
A174: 41364 | B174: 4 | C174: 41364 | D174: 1.7 | E174: 41364 | F174: 3.6 | G174: 41364 | H174: 1.4 | I174: 30833 | J174: 7.4 | K174: 30833 | L174: 306 | O174: 30833 | P174: 357.8 | Q174: 30833 | R174: 3.3 | S174: 30833 | T174: 5.2 | U174: 30833 | V174: 4.68692 | W174: 32294 | X174: 2.8 | Y174: 30833 | Z174: 10.95 | AA174: 30833 | AB174: 80.8718 | AC174: 38898 | AD174: 6 | AG174: 30833 | AH174: 58.6 | AM174: 40877 | AN174: 52.9 | AO174: 30833 | AP174: 0.58 | AQ174: 30833 | AR174: 31.7 | AS174: 42338 | AT174: -9.7 | AU174: 39538 | AV174: -6 | AW174: 30833 | AX174: 68 | AY174: 30833 | AZ174: 11.2 | BA174: 30833 | BB174: 1741 | BC174: 41425 | BD174: 5.14 | BE174: 38898 | BF174: 0 | BG174: 39233 | BH174: 3.9 | BI174: 33024 | BJ174: 13.7 | BK174: 30833 | BL174: 10.4 | BM174: 41790 | BN174: 2.5 | BO174: 39660 | BP174: -0.5 | BQ174: 32202 | BR174: 114.9 | BS174: 33755 | BT174: 79.2 | BU174: 25815 | BV174: 82.83 | BW174: 26366 | BX174: 118.7 | BY174: 27173 | BZ174: 81.45 | CA174: 35703 | CB174: 5.54 | CC174: 27558 | CD174: 164.55 | CE174: 30658 | CF174: 29.27 | CG174: 41205 | CH174: 120 | CI174: 31750 | CJ174: 1351.9 | CK174: 29103 | CL174: 52.639 | CM174: 40625 | CN174: 1.06 | CO174: 42986 | CP174: 318.55
A175: 41455 | B175: 1.1 | C175: 41455 | D175: 1.5 | E175: 41455 | F175: 3.2 | G175: 41455 | H175: 1.2 | I175: 30863 | J175: 7.2 | K175: 30863 | L175: 381 | O175: 30863 | P175: 363 | Q175: 30863 | R175: 3.5 | S175: 30863 | T175: 5.1 | U175: 30863 | V175: 4.44556 | W175: 32324 | X175: 3.1 | Y175: 30863 | Z175: 10.68 | AA175: 30863 | AB175: 81.0034 | AC175: 38929 | AD175: 9.8 | AG175: 30863 | AH175: 58.1 | AM175: 40908 | AN175: 52.6 | AO175: 30863 | AP175: 0.59 | AQ175: 30863 | AR175: 27.7 | AS175: 42369 | AT175: -5.9 | AU175: 39568 | AV175: -10 | AW175: 30863 | AX175: 64.6 | AY175: 30863 | AZ175: 10 | BA175: 30863 | BB175: 1814 | BC175: 41455 | BD175: 5.11 | BE175: 38929 | BF175: 0.2 | BG175: 39263 | BH175: 3.8 | BI175: 33054 | BJ175: 13.9 | BK175: 30863 | BL175: 10.8 | BM175: 41820 | BN175: 2.9 | BO175: 39691 | BP175: 0 | BQ175: 32233 | BR175: 112.7 | BS175: 33785 | BT175: 80.4 | BU175: 25819 | BV175: 83.04 | BW175: 26367 | BX175: 118.86 | BY175: 27180 | BZ175: 80.2 | CA175: 35795 | CB175: 5.5 | CC175: 27561 | CD175: 164 | CE175: 30659 | CF175: 29.31 | CG175: 41206 | CH175: 120 | CI175: 31751 | CJ175: 1351.4 | CK175: 29104 | CL175: 53.037 | CM175: 40626 | CN175: 1.09 | CO175: 42989 | CP175: 312.66
A176: 41547 | B176: 3.5 | C176: 41547 | D176: 2.2 | E176: 41547 | F176: 3.9 | G176: 41547 | H176: 2.2 | I176: 30894 | J176: 7.5 | K176: 30894 | L176: 310 | O176: 30894 | P176: 360.5 | Q176: 30894 | R176: 3.5 | S176: 30894 | T176: 5 | U176: 30894 | V176: 4.19338 | W176: 32355 | X176: 3.4 | Y176: 30894 | Z176: 9.36 | AA176: 30894 | AB176: 81.0623 | AC176: 38960 | AD176: 3.2 | AG176: 30894 | AH176: 56.1 | AM176: 40939 | AN176: 57.3 | AO176: 30894 | AP176: 0.08 | AQ176: 30894 | AR176: 1.4 | AS176: 42400 | AT176: -16.6 | AU176: 39599 | AV176: -11 | AW176: 30894 | AX176: 62.5 | AY176: 30894 | AZ176: 9.3 | BA176: 30894 | BB176: 1605 | BC176: 41486 | BD176: 5.27 | BE176: 38960 | BF176: 0.9 | BG176: 39294 | BH176: 4.1 | BI176: 33085 | BJ176: 13.8 | BK176: 30894 | BL176: 10.6 | BM176: 41851 | BN176: 3 | BO176: 39721 | BP176: -0.7 | BQ176: 32263 | BR176: 115.7 | BS176: 33816 | BT176: 76.6 | BU176: 25820 | BV176: 82.79 | BW176: 26368 | BX176: 118.43 | BY176: 27187 | BZ176: 83.71 | CA176: 35885 | CB176: 5.49 | CC176: 27562 | CD176: 164 | CE176: 30662 | CF176: 29.27 | CG176: 41207 | CH176: 119.9 | CI176: 31754 | CJ176: 1348.1 | CK176: 29105 | CL176: 53.463 | CM176: 40627 | CN176: 1.1 | CO176: 42990 | CP176: 313.76
A177: 41639 | B177: 3.5 | C177: 41639 | D177: 3 | E177: 41639 | F177: 4.7 | G177: 41639 | H177: 2.1 | I177: 30925 | J177: 7.5 | K177: 30925 | L177: 243 | O177: 30925 | P177: 390.3 | Q177: 30925 | R177: 3.9 | S177: 30925 | T177: 5.1 | U177: 30925 | V177: 4 | W177: 32386 | X177: 3.5 | Y177: 30925 | Z177: 8.19 | AA177: 30925 | AB177: 80.9851 | AC177: 38990 | AD177: 13.3 | AG177: 30925 | AH177: 53 | AM177: 40968 | AN177: 55.9 | AO177: 30925 | AP177: -0.02 | AQ177: 30925 | AR177: 23.7 | AS177: 42429 | AT177: -12.9 | AU177: 39629 | AV177: -8 | AW177: 30925 | AX177: 56.3 | AY177: 30925 | AZ177: 8.9 | BA177: 30925 | BB177: 1530 | BC177: 41517 | BD177: 5.26 | BE177: 38990 | BF177: -0.4 | BG177: 39325 | BH177: 3.3 | BI177: 33116 | BJ177: 13.6 | BK177: 30925 | BL177: 11.3 | BM177: 41882 | BN177: 3.5 | BO177: 39752 | BP177: -0.2 | BQ177: 32294 | BR177: 120.2 | BS177: 33847 | BT177: 76.1 | BU177: 25821 | BV177: 82.3 | BW177: 26371 | BX177: 117.62 | BY177: 27194 | BZ177: 82.76 | CA177: 35976 | CB177: 5.56 | CC177: 27563 | CD177: 163.75 | CE177: 30663 | CF177: 29.21 | CG177: 41208 | CH177: 119.9 | CI177: 31755 | CJ177: 1340.9 | CK177: 29108 | CL177: 53.665 | CM177: 40630 | CN177: 1 | CO177: 42991 | CP177: 287.68
A178: 41729 | B178: -1.4 | C178: 41729 | D178: 1.7 | E178: 41729 | F178: 3.3 | G178: 41729 | H178: 1.5 | I178: 30955 | J178: 7.3 | K178: 30955 | L178: 312 | O178: 30955 | P178: 398 | Q178: 30955 | R178: 3.6 | S178: 30955 | T178: 5.1 | U178: 30955 | V178: 3.74 | W178: 32416 | X178: 3.6 | Y178: 30955 | Z178: 6.34 | AA178: 30955 | AB178: 80.5773 | AC178: 39021 | AD178: 3.9 | AG178: 30955 | AH178: 50 | AM178: 40999 | AN178: 55.6 | AO178: 30955 | AP178: -0.07 | AQ178: 30955 | AR178: 22.3 | AS178: 42460 | AT178: -2.5 | AU178: 39660 | AV178: -12 | AW178: 30955 | AX178: 59.3 | AY178: 30955 | AZ178: 7.6 | BA178: 30955 | BB178: 1523 | BC178: 41547 | BD178: 5.14 | BE178: 39021 | BF178: -0.5 | BG178: 39355 | BH178: 4 | BI178: 33146 | BJ178: 14 | BK178: 30955 | BL178: 11.2 | BM178: 41912 | BN178: 3.2 | BO178: 39782 | BP178: -0.3 | BQ178: 32324 | BR178: 115.7 | BS178: 33877 | BT178: 75.6 | BU178: 25822 | BV178: 82.52 | BW178: 26372 | BX178: 117.85 | BY178: 27201 | BZ178: 79.11 | CA178: 36068 | CB178: 5.51 | CC178: 27564 | CD178: 162.85 | CE178: 30664 | CF178: 29.28 | CG178: 41211 | CH178: 119.3 | CI178: 31756 | CJ178: 1334.8 | CK178: 29109 | CL178: 53.323 | CM178: 40631 | CN178: 0.99 | CO178: 42992 | CP178: 252.54
A179: 41820 | B179: 5.3 | C179: 41820 | D179: 2.7 | E179: 41820 | F179: 4.7 | G179: 41820 | H179: 2.1 | I179: 30986 | J179: 7.4 | K179: 30986 | L179: 285 | O179: 30986 | P179: 419.3 | Q179: 30986 | R179: 2.9 | S179: 30986 | T179: 4.9 | U179: 30986 | V179: 3.7889 | W179: 32447 | X179: 3.8 | Y179: 30986 | Z179: 5.49 | AA179: 30986 | AB179: 80.3528 | AC179: 39051 | AD179: 1.5 | AG179: 30986 | AH179: 50.8 | AM179: 41029 | AN179: 55.3 | AO179: 30986 | AP179: 0.15 | AQ179: 30986 | AR179: 15.4 | AS179: 42490 | AT179: 8.9 | AU179: 39691 | AV179: -16 | AW179: 30986 | AX179: 53.4 | AY179: 30986 | AZ179: 6.5 | BA179: 30986 | BB179: 1490 | BC179: 41578 | BD179: 5.04 | BE179: 39051 | BF179: 0.1 | BG179: 39386 | BH179: 5.2 | BI179: 33177 | BJ179: 13.5 | BK179: 30986 | BL179: 9.9 | BM179: 41943 | BN179: 3.5 | BO179: 39813 | BP179: -0.3 | BQ179: 32355 | BR179: 113.5 | BS179: 33908 | BT179: 73.3 | BU179: 25825 | BV179: 82.07 | BW179: 26373 | BX179: 118.07 | BY179: 27208 | BZ179: 75.96 | CA179: 36160 | CB179: 4.68 | CC179: 27565 | CD179: 162.5 | CE179: 30665 | CF179: 29.11 | CG179: 41212 | CH179: 119.3 | CI179: 31757 | CJ179: 1340.1 | CK179: 29110 | CL179: 53.54 | CM179: 40632 | CN179: 0.99 | CO179: 42993 | CP179: 276.97
A180: 41912 | B180: 5 | C180: 41912 | D180: 3.1 | E180: 41912 | F180: 5 | G180: 41912 | H180: 1.8 | I180: 31016 | J180: 7.2 | K180: 31016 | L180: 353 | O180: 31016 | P180: 401.5 | Q180: 31016 | R180: 3 | S180: 31016 | T180: 4.6 | U180: 31016 | V180: 3.76732 | W180: 32477 | X180: 3.8 | Y180: 31016 | Z180: 5.39 | AA180: 31016 | AB180: 80.4271 | AC180: 39082 | AD180: 3.2 | AG180: 31016 | AH180: 50.3 | AM180: 41060 | AN180: 55.1 | AO180: 31016 | AP180: 0.41 | AQ180: 31016 | AR180: 2.7 | AS180: 42521 | AT180: -7.4 | AU180: 39721 | AV180: -22 | AW180: 31016 | AX180: 52.7 | AY180: 31016 | AZ180: 6.4 | BA180: 31016 | BB180: 1643 | BC180: 41608 | BD180: 4.92 | BE180: 39082 | BF180: 1.8 | BG180: 39416 | BH180: 7 | BI180: 33207 | BJ180: 12.9 | BK180: 31016 | BL180: 9.6 | BM180: 41973 | BN180: 3.4 | BO180: 39844 | BP180: 0.5 | BQ180: 32386 | BR180: 119.7 | BS180: 33938 | BT180: 85.3 | BU180: 25826 | BV180: 81.36 | BW180: 26374 | BX180: 118.02 | BY180: 27215 | BZ180: 73.57 | CA180: 36250 | CB180: 4.81 | CC180: 27568 | CD180: 162.4 | CE180: 30666 | CF180: 28.57 | CG180: 41213 | CH180: 119.3 | CI180: 31758 | CJ180: 1340.8 | CK180: 29111 | CL180: 53.725 | CM180: 40633 | CN180: 0.98 | CO180: 42996 | CP180: 305.76
A181: 42004 | B181: 2 | C181: 42004 | D181: 2.7 | E181: 42004 | F181: 4.2 | G181: 42004 | H181: 0.2 | I181: 31047 | J181: 7.3 | K181: 31047 | L181: 125 | O181: 31047 | P181: 381.8 | Q181: 31047 | R181: 3.4 | S181: 31047 | T181: 4.7 | U181: 31047 | V181: 4.10092 | W181: 32508 | X181: 4.3 | Y181: 31047 | Z181: 4.95 | AA181: 31047 | AB181: 80.2683 | AC181: 39113 | AD181: 6.4 | AG181: 31047 | AH181: 50.6 | AM181: 41090 | AN181: 53.6 | AO181: 31047 | AP181: 0.06 | AQ181: 31047 | AR181: 2.1 | AS181: 42551 | AT181: 3.1 | AU181: 39752 | AV181: -30 | AW181: 31047 | AX181: 51.5 | AY181: 31047 | AZ181: 6 | BA181: 31047 | BB181: 1626 | BC181: 41639 | BD181: 4.86 | BE181: 39113 | BF181: 0 | BG181: 39447 | BH181: 4.4 | BI181: 33238 | BJ181: 12.7 | BK181: 31047 | BL181: 9.6 | BM181: 42004 | BN181: 3.6 | BO181: 39872 | BP181: -0.4 | BQ181: 32416 | BR181: 110.7 | BS181: 33969 | BT181: 91 | BU181: 25827 | BV181: 81.79 | BW181: 26375 | BX181: 118.3 | BY181: 27222 | BZ181: 71.68 | CA181: 36341 | CB181: 4.76 | CC181: 27569 | CD181: 162.4 | CE181: 30669 | CF181: 28.38 | CG181: 41214 | CH181: 119.9 | CI181: 31761 | CJ181: 1344.9 | CK181: 29112 | CL181: 54.244 | CM181: 40634 | CN181: 0.96 | CO181: 42997 | CP181: 298.82
A182: 42094 | B182: 3.6 | C182: 42094 | D182: 4 | E182: 42094 | F182: 5 | G182: 42094 | H182: -0.2 | I182: 31078 | J182: 7.3 | K182: 31078 | L182: 265 | O182: 31078 | P182: 375 | Q182: 31078 | R182: 2.7 | S182: 31078 | T182: 4.5 | U182: 31078 | V182: 4.33777 | W182: 32539 | X182: 4.3 | Y182: 31078 | Z182: 2.79 | AA182: 31078 | AB182: 80.0283 | AC182: 39141 | AD182: 0.9 | AG182: 31078 | AH182: 50.3 | AM182: 41121 | AN182: 52.1 | AO182: 31078 | AP182: -0.1 | AQ182: 31078 | AR182: 5.5 | AS182: 42582 | AT182: 1.4 | AU182: 39782 | AV182: -35 | AW182: 31078 | AX182: 52.8 | AY182: 31078 | AZ182: 5.2 | BA182: 31078 | BB182: 1660 | BC182: 41670 | BD182: 4.76 | BE182: 39141 | BF182: 0 | BG182: 39478 | BH182: 4.6 | BI182: 33269 | BJ182: 11.6 | BK182: 31078 | BL182: 9.2 | BM182: 42035 | BN182: 4.2 | BO182: 39903 | BP182: -0.4 | BQ182: 32447 | BR182: 116.9 | BS182: 34000 | BT182: 89.3 | BU182: 25828 | BV182: 82.29 | BW182: 26378 | BX182: 117.97 | BY182: 27229 | BZ182: 73.4 | CA182: 36433 | CB182: 5.22 | CC182: 27570 | CD182: 164 | CE182: 30670 | CF182: 28.76 | CG182: 41215 | CH182: 121.4 | CI182: 31762 | CJ182: 1345.1 | CK182: 29115 | CL182: 54.196 | CM182: 40637 | CN182: 0.85 | CO182: 42998 | CP182: 306.13
A183: 42185 | B183: 2.5 | C183: 42185 | D183: 3.3 | E183: 42185 | F183: 4.3 | G183: 42185 | H183: 2.3 | I183: 31106 | J183: 7.2 | K183: 31106 | L183: 131 | O183: 31106 | P183: 388.8 | Q183: 31106 | R183: 3.2 | S183: 31106 | T183: 4.7 | U183: 31106 | V183: 4.22202 | W183: 32567 | X183: 4.5 | Y183: 31106 | Z183: 2.69 | AA183: 31106 | AB183: 80.0705 | AC183: 39172 | AD183: -0.2 | AG183: 31106 | AH183: 49.9 | AM183: 41152 | AN183: 52.1 | AO183: 31106 | AP183: -0.04 | AQ183: 31106 | AR183: 10.9 | AS183: 42613 | AT183: -5.6 | AU183: 39813 | AV183: -34 | AW183: 31106 | AX183: 51.7 | AY183: 31106 | AZ183: 4.7 | BA183: 31106 | BB183: 1662 | BC183: 41698 | BD183: 4.78 | BE183: 39172 | BF183: 1.2 | BG183: 39507 | BH183: 4 | BI183: 33297 | BJ183: 12.2 | BK183: 31106 | BL183: 8.5 | BM183: 42063 | BN183: 3.9 | BO183: 39933 | BP183: -0.1 | BQ183: 32477 | BR183: 112.9 | BS183: 34028 | BT183: 86.6 | BU183: 25829 | BV183: 82.62 | BW183: 26379 | BX183: 117.5 | BY183: 27236 | BZ183: 72.83 | CA183: 36525 | CB183: 5.3 | CC183: 27571 | CD183: 164 | CE183: 30671 | CF183: 28.88 | CG183: 41218 | CH183: 121.4 | CI183: 31763 | CJ183: 1348.6 | CK183: 29116 | CL183: 53.797 | CM183: 40638 | CN183: 0.89 | CO183: 42999 | CP183: 277.82
A184: 42277 | B184: 1.6 | C184: 42277 | D184: 2.4 | E184: 42277 | F184: 3.4 | G184: 42277 | H184: 1 | I184: 31137 | J184: 7.2 | K184: 31137 | L184: 339 | O184: 31137 | P184: 382.5 | Q184: 31137 | R184: 3.1 | S184: 31137 | T184: 4.8 | U184: 31137 | V184: 4.19135 | W184: 32598 | X184: 4.3 | Y184: 31137 | Z184: 2.33 | AA184: 31137 | AB184: 79.972 | AC184: 39202 | AD184: 9.4 | AG184: 31137 | AH184: 47.8 | AM184: 41182 | AN184: 53.8 | AO184: 31137 | AP184: 0.34 | AQ184: 31137 | AR184: 31 | AS184: 42643 | AT184: -1.6 | AU184: 39844 | AV184: -36 | AW184: 31137 | AX184: 49.1 | AY184: 31137 | AZ184: 4.9 | BA184: 31137 | BB184: 1727 | BC184: 41729 | BD184: 4.75 | BE184: 39202 | BF184: -0.6 | BG184: 39538 | BH184: 3.2 | BI184: 33328 | BJ184: 12.6 | BK184: 31137 | BL184: 8.3 | BM184: 42094 | BN184: 3.7 | BO184: 39964 | BP184: 0.1 | BQ184: 32508 | BR184: 119.4 | BS184: 34059 | BT184: 85.9 | BU184: 25832 | BV184: 81.91 | BW184: 26380 | BX184: 117.81 | BY184: 27243 | BZ184: 69.4 | CA184: 36616 | CB184: 5.85 | CC184: 27572 | CD184: 164.5 | CE184: 30672 | CF184: 29.08 | CG184: 41219 | CH184: 121.4 | CI184: 31764 | CJ184: 1346 | CK184: 29117 | CL184: 53.914 | CM184: 40639 | CN184: 0.93 | CO184: 43000 | CP184: 279.24
A185: 42369 | B185: 0.7 | C185: 42369 | D185: 2.1 | E185: 42369 | F185: 2.9 | G185: 42369 | H185: 0 | I185: 31167 | J185: 7.3 | K185: 31167 | L185: 196 | O185: 31167 | P185: 398.3 | Q185: 31167 | R185: 2.8 | S185: 31167 | T185: 4.5 | U185: 31167 | V185: 3.82669 | W185: 32628 | X185: 4.2 | Y185: 31167 | Z185: 1.55 | AA185: 31167 | AB185: 79.6139 | AC185: 39233 | AD185: 5.3 | AG185: 31167 | AH185: 48.2 | AM185: 41213 | AN185: 54.3 | AO185: 31167 | AP185: -0.27 | AQ185: 31167 | AR185: 10 | AS185: 42674 | AT185: -9.5 | AU185: 39872 | AV185: -45 | AW185: 31167 | AX185: 57.4 | AY185: 31167 | AZ185: 4.5 | BA185: 31167 | BB185: 1664 | BC185: 41759 | BD185: 4.79 | BE185: 39233 | BF185: 1.3 | BG185: 39568 | BH185: 4.3 | BI185: 33358 | BJ185: 10.4 | BK185: 31167 | BL185: 7.2 | BM185: 42124 | BN185: 3.7 | BO185: 39994 | BP185: 0 | BQ185: 32539 | BR185: 115.8 | BS185: 34089 | BT185: 85.6 | BU185: 25833 | BV185: 81.66 | BW185: 26381 | BX185: 118.48 | BY185: 27250 | BZ185: 70.69 | CA185: 36707 | CB185: 6.53 | CC185: 27575 | CD185: 166.25 | CE185: 30673 | CF185: 29.44 | CG185: 41220 | CH185: 121.4 | CI185: 31765 | CJ185: 1320.3 | CK185: 29118 | CL185: 54.308 | CM185: 40640 | CN185: 0.94 | CO185: 43003 | CP185: 313.03
... A218: 45382 | B218: 1.3 | C218: 45382 | D218: 2.9 | E218: 45382 | F218: 5.4 | G218: 45382 | H218: 3 | I218: 32173 | J218: 5.7 | K218: 32173 | L218: 92 | O218: 32173 | P218: 340.8 | Q218: 32173 | R218: 3 | S218: 32173 | T218: 4.3 | U218: 32173 | V218: 3.85713 | W218: 33634 | X218: 2.7 | Y218: 32173 | Z218: 7.74 | AA218: 32173 | AB218: 83.3283 | AC218: 40237 | AD218: 23.2 | AG218: 32173 | AH218: 57.5 | AM218: 42216 | AN218: 60.1 | AO218: 32173 | AP218: -0.15 | AQ218: 32173 | AR218: 3.5 | AS218: 43677 | AT218: 4.2 | AU218: 40877 | AV218: -2 | AW218: 32173 | AX218: 68.3 | AY218: 32173 | AZ218: 3.5 | BA218: 32173 | BB218: 1244 | BC218: 42766 | BD218: 5.67 | BE218: 40237 | BF218: 0.6 | BG218: 40574 | BH218: 5.7 | BI218: 34365 | BJ218: 15.1 | BK218: 32173 | BL218: 8.1 | BM218: 43131 | BN218: 3.1 | BO218: 40999 | BP218: -0.1 | BQ218: 33542 | BR218: 60.1 | BS218: 35095 | BT218: 89.3 | BU218: 25878 | BV218: 84.22 | BW218: 26428 | BX218: 117.17 | BY218: 27481 | BZ218: 76.18 | CA218: 39721 | CB218: 1.81 | CC218: 27620 | CD218: 161.8 | CE218: 30726 | CF218: 29.74 | CG218: 41267 | CH218: 135.8 | CI218: 31818 | CJ218: 1371.4 | CK218: 29165 | CL218: 48.224 | CM218: 40688 | CN218: 10.5 | CO218: 43048 | CP218: 343.59
I219: 32202 | J219: 5.7 | K219: 32202 | L219: 461 | O219: 32202 | P219: 318.8 | Q219: 32202 | R219: 2.7 | S219: 32202 | T219: 4.3 | U219: 32202 | V219: 3.85878 | W219: 33663 | X219: 2.5 | Y219: 32202 | Z219: 6.85 | AA219: 32202 | AB219: 83.6774 | AC219: 40268 | AD219: 23.4 | AG219: 32202 | AH219: 56.2 | AM219: 42247 | AN219: 58.6 | AO219: 32202 | AP219: 0.49 | AQ219: 32202 | AR219: 18.3 | AS219: 43708 | AT219: 4.2 | AU219: 40908 | AV219: -5 | AW219: 32202 | AX219: 63.5 | AY219: 32202 | AZ219: 3.7 | BA219: 32202 | BB219: 1438 | BC219: 42794 | BD219: 5.45 | BE219: 40268 | BF219: 0.8 | BG219: 40602 | BH219: 5.8 | BI219: 34393 | BJ219: 15.3 | BK219: 32202 | BL219: 8 | BM219: 43159 | BN219: 3.1 | BO219: 41029 | BP219: 0.1 | BQ219: 33572 | BR219: 52.7 | BS219: 35124 | BT219: 88.5 | BU219: 25881 | BV219: 84.67 | BW219: 26429 | BX219: 117.71 | BY219: 27488 | BZ219: 74.73 | CA219: 39813 | CB219: 0.16 | CC219: 27621 | CD219: 162.1 | CE219: 30727 | CF219: 29.83 | CG219: 41268 | CH219: 136.5 | CI219: 31819 | CJ219: 1368.8 | CK219: 29166 | CL219: 47.613 | CM219: 40689 | CN219: 11 | CO219: 43049 | CP219: 311.62
I220: 32233 | J220: 5.7 | K220: 32233 | L220: 275 | O220: 32233 | P220: 306 | Q220: 32233 | R220: 2.6 | S220: 32233 | T220: 4.4 | U220: 32233 | V220: 3.995 | W220: 33694 | X220: 2.6 | Y220: 32233 | Z220: 6.95 | AA220: 32233 | AB220: 83.8133 | AC220: 40298 | AD220: 29.8 | AG220: 32233 | AH220: 54.6 | AM220: 42277 | AN220: 56.1 | AO220: 32233 | AP220: 0.43 | AQ220: 32233 | AR220: 12.8 | AS220: 43738 | AT220: 2.2 | AU220: 40939 | AV220: 7 | AW220: 32233 | AX220: 63.5 | AY220: 32233 | AZ220: 3.8 | BA220: 32233 | BB220: 1525 | BC220: 42825 | BD220: 5.61 | BE220: 40298 | BF220: 0.8 | BG220: 40633 | BH220: 6 | BI220: 34424 | BJ220: 15 | BK220: 32233 | BL220: 8.1 | BM220: 43190 | BN220: 2.9 | BO220: 41060 | BP220: 0 | BQ220: 33603 | BR220: 52.5 | BS220: 35155 | BT220: 93.7 | BU220: 25882 | BV220: 84.79 | BW220: 26430 | BX220: 118.26 | BY220: 27495 | BZ220: 76.31 | CA220: 39903 | CB220: 0.18 | CC220: 27624 | CD220: 161.7 | CE220: 30728 | CF220: 29.91 | CG220: 41269 | CH220: 138.5 | CI220: 31820 | CJ220: 1378.7 | CK220: 29167 | CL220: 47.838 | CM220: 40690 | CN220: 10.63 | CO220: 43052 | CP220: 331.7
I221: 32263 | J221: 5.4 | K221: 32263 | L221: 243 | O221: 32263 | P221: 313 | Q221: 32263 | R221: 3.1 | S221: 32263 | T221: 4.3 | U221: 32263 | V221: 4.05918 | W221: 33724 | X221: 2.7 | Y221: 32263 | Z221: 6.89 | AA221: 32263 | AB221: 84.2599 | AC221: 40329 | AD221: 26 | AG221: 32263 | AH221: 55.8 | AM221: 42308 | AN221: 56.9 | AO221: 32263 | AP221: 0.25 | AQ221: 32263 | AR221: 26.8 | AS221: 43769 | AT221: 3.3 | AU221: 40968 | AV221: 7 | AW221: 32263 | AX221: 56.9 | AY221: 32263 | AZ221: 4 | BA221: 32263 | BB221: 1429 | BC221: 42855 | BD221: 5.56 | BE221: 40329 | BF221: -1 | BG221: 40663 | BH221: 6.1 | BI221: 34454 | BJ221: 15.7 | BK221: 32263 | BL221: 8.6 | BM221: 43220 | BN221: 3 | BO221: 41090 | BP221: -0.1 | BQ221: 33634 | BR221: 50.2 | BS221: 35185 | BT221: 92.7 | BU221: 25883 | BV221: 85.03 | BW221: 26431 | BX221: 118.85 | BY221: 27502 | BZ221: 78.08 | CA221: 39994 | CB221: 0.21 | CC221: 27625 | CD221: 161.35 | CE221: 30733 | CF221: 29.79 | CG221: 41270 | CH221: 140.7 | CI221: 31821 | CJ221: 1368.7 | CK221: 29168 | CL221: 48.393 | CM221: 40694 | CN221: 10.93 | CO221: 43053 | CP221: 350.2
I222: 32294 | J222: 5.6 | K222: 32294 | L222: 230 | O222: 32294 | P222: 313.8 | Q222: 32294 | R222: 3.3 | S222: 32294 | T222: 4.3 | U222: 32294 | V222: 4.1211 | W222: 33755 | X222: 2.8 | Y222: 32294 | Z222: 6.02 | AA222: 32294 | AB222: 84.0591 | AC222: 40359 | AD222: 27.3 | AG222: 32294 | AH222: 55.5 | AM222: 42338 | AN222: 56.1 | AO222: 32294 | AP222: -0.03 | AQ222: 32294 | AR222: 17.8 | AS222: 43799 | AT222: 2.5 | AU222: 40999 | AV222: 4 | AW222: 32294 | AX222: 59.3 | AY222: 32294 | AZ222: 4 | BA222: 32294 | BB222: 1444 | BC222: 42886 | BD222: 5.59 | BE222: 40359 | BF222: -0.1 | BG222: 40694 | BH222: 7.4 | BI222: 34485 | BJ222: 14.3 | BK222: 32294 | BL222: 8.1 | BM222: 43251 | BN222: 3.2 | BO222: 41121 | BP222: 0.2 | BQ222: 33663 | BR222: 47.3 | BS222: 35216 | BT222: 89.4 | BU222: 25884 | BV222: 84.15 | BW222: 26434 | BX222: 119.5 | BY222: 27509 | BZ222: 78.64 | CA222: 40086 | CB222: 0.15 | CC222: 27626 | CD222: 162.7 | CE222: 30734 | CF222: 29.79 | CG222: 41271 | CH222: 140.9 | CI222: 31825 | CJ222: 1379 | CK222: 29171 | CL222: 48.961 | CM222: 40695 | CN222: 11.96 | CO222: 43054 | CP222: 348.9
I223: 32324 | J223: 5.4 | K223: 32324 | L223: 364 | O223: 32324 | P223: 307 | Q223: 32324 | R223: 3.4 | S223: 32324 | T223: 4.5 | U223: 32324 | V223: 4.27473 | W223: 33785 | X223: 2.5 | Y223: 32324 | Z223: 5.75 | AA223: 32324 | AB223: 84.2661 | AC223: 40390 | AD223: 20.2 | AG223: 32324 | AH223: 59.3 | AM223: 42369 | AN223: 55.3 | AO223: 32324 | AP223: 0.44 | AQ223: 32324 | AR223: 17.4 | AS223: 43830 | AT223: 3.3 | AU223: 41029 | AV223: 12 | AW223: 32324 | AX223: 62.8 | AY223: 32324 | AZ223: 4.3 | BA223: 32324 | BB223: 1485 | BC223: 42916 | BD223: 5.49 | BE223: 40390 | BF223: -0.1 | BG223: 40724 | BH223: 8.3 | BI223: 34515 | BJ223: 14.8 | BK223: 32324 | BL223: 8.7 | BM223: 43281 | BN223: 3 | BO223: 41152 | BP223: 0 | BQ223: 33694 | BR223: 56.5 | BS223: 35246 | BT223: 92.4 | BU223: 25885 | BV223: 83.37 | BW223: 26435 | BX223: 119.45 | BY223: 27516 | BZ223: 80.25 | CA223: 40178 | CB223: 0.12 | CC223: 27627 | CD223: 161.9 | CE223: 30735 | CF223: 29.92 | CG223: 41274 | CH223: 140.9 | CI223: 31826 | CJ223: 1397.1 | CK223: 29172 | CL223: 48.957 | CM223: 40696 | CN223: 13.25 | CO223: 43055 | CP223: 347.23
I224: 32355 | J224: 5.4 | K224: 32355 | L224: 224 | O224: 32355 | P224: 325.8 | Q224: 32355 | R224: 3.6 | S224: 32355 | T224: 4.5 | U224: 32355 | V224: 4.43007 | W224: 33816 | X224: 2.4 | Y224: 32355 | Z224: 5.03 | AA224: 32355 | AB224: 84.2395 | AC224: 40421 | AD224: 23.4 | AG224: 32355 | AH224: 58.2 | AM224: 42400 | AN224: 53.8 | AO224: 32355 | AP224: -0.02 | AQ224: 32355 | AR224: 23.7 | AS224: 43861 | AT224: 4.8 | AU224: 41060 | AV224: 7 | AW224: 32355 | AX224: 71.4 | AY224: 32355 | AZ224: 3.8 | BA224: 32355 | BB224: 1439 | BC224: 42947 | BD224: 5.46 | BE224: 40421 | BF224: 0.6 | BG224: 40755 | BH224: 8.3 | BI224: 34546 | BJ224: 14.5 | BK224: 32355 | BL224: 9 | BM224: 43312 | BN224: 3 | BO224: 41182 | BP224: 0.1 | BQ224: 33724 | BR224: 65.1 | BS224: 35277 | BT224: 94.7 | BU224: 25888 | BV224: 83.24 | BW224: 26436 | BX224: 119.73 | BY224: 27523 | BZ224: 82.82 | CA224: 40268 | CB224: 0.16 | CC224: 27628 | CD224: 161.95 | CE224: 30736 | CF224: 30.1 | CG224: 41278 | CH224: 150.9 | CI224: 31827 | CJ224: 1409.5 | CK224: 29173 | CL224: 49.166 | CM224: 40697 | CN224: 17.86 | CO224: 43056 | CP224: 350.34
I225: 32386 | J225: 5.6 | K225: 32386 | L225: 124 | O225: 32386 | P225: 314.8 | Q225: 32386 | R225: 3.1 | S225: 32386 | T225: 4.4 | U225: 32386 | V225: 4.33689 | W225: 33847 | X225: 2.1 | Y225: 32386 | Z225: 4.8 | AA225: 32386 | AB225: 84.6276 | AC225: 40451 | AD225: 26.3 | AG225: 32386 | AH225: 56 | AM225: 42429 | AN225: 52.8 | AO225: 32386 | AP225: 0.03 | AQ225: 32386 | AR225: 15.2 | AS225: 43890 | AT225: 12.9 | AU225: 41090 | AV225: -1 | AW225: 32386 | AX225: 63.5 | AY225: 32386 | AZ225: 3.6 | BA225: 32386 | BB225: 1460 | BC225: 42978 | BD225: 5.39 | BE225: 40451 | BF225: 0.8 | BG225: 40786 | BH225: 8.2 | BI225: 34577 | BJ225: 15.1 | BK225: 32386 | BL225: 8.7 | BM225: 43343 | BN225: 3.2 | BO225: 41213 | BP225: 0 | BQ225: 33755 | BR225: 71.9 | BS225: 35308 | BT225: 95.3 | BU225: 25889 | BV225: 83.34 | BW225: 26437 | BX225: 120.58 | BY225: 27530 | BZ225: 82.44 | CA225: 40359 | CB225: 0.18 | CC225: 27632 | CD225: 161.85 | CE225: 30739 | CF225: 30.79 | CG225: 41281 | CH225: 154.9 | CI225: 31828 | CJ225: 1403.7 | CK225: 29174 | CL225: 49.58 | CM225: 40700 | CN225: 23.19 | CO225: 43059 | CP225: 389.77
I226: 32416 | J226: 5.4 | K226: 32416 | L226: 339 | O226: 32416 | P226: 301 | Q226: 32416 | R226: 3.5 | S226: 32416 | T226: 4.4 | U226: 32416 | V226: 4.48119 | W226: 33877 | X226: 1.9 | Y226: 32416 | Z226: 4.09 | AA226: 32416 | AB226: 84.304 | AC226: 40482 | AD226: 17.9 | AG226: 32416 | AH226: 54.5 | AM226: 42460 | AN226: 55.4 | AO226: 32416 | AP226: 0.04 | AQ226: 32416 | AR226: 25.6 | AS226: 43921 | AT226: -21.5 | AU226: 41121 | AV226: -7 | AW226: 32416 | AX226: 63.1 | AY226: 32416 | AZ226: 3.2 | BA226: 32416 | BB226: 1436 | BC226: 43008 | BD226: 5.45 | BE226: 40482 | BF226: 0.8 | BG226: 40816 | BH226: 7.6 | BI226: 34607 | BJ226: 14.9 | BK226: 32416 | BL226: 8.9 | BM226: 43373 | BN226: 2.4 | BO226: 41243 | BP226: 0.4 | BQ226: 33785 | BR226: 72.6 | BS226: 35338 | BT226: 94.7 | BU226: 25890 | BV226: 82.79 | BW226: 26438 | BX226: 121.55 | BY226: 27537 | BZ226: 82.62 | CA226: 40451 | CB226: 0.19 | CC226: 27633 | CD226: 161.4 | CE226: 30740 | CF226: 30.45 | CG226: 41282 | CH226: 156.7 | CI226: 31831 | CJ226: 1422.7 | CK226: 29175 | CL226: 49.496 | CM226: 40701 | CN226: 29.9 | CO226: 43060 | CP226: 387.67
I227: 32447 | J227: 5.4 | K227: 32447 | L227: 263 | O227: 32447 | P227: 291.3 | Q227: 32447 | R227: 3.7 | S227: 32447 | T227: 4.5 | U227: 32447 | V227: 4.43258 | W227: 33908 | X227: 2.1 | Y227: 32447 | Z227: 3.1 | AA227: 32447 | AB227: 84.623 | AC227: 40512 | AD227: 23.4 | AG227: 32447 | AH227: 55.4 | AM227: 42490 | AN227: 55.2 | AO227: 32447 | AP227: 0.48 | AQ227: 32447 | AR227: 27.2 | AS227: 43951 | AT227: -78.2 | AU227: 41152 | AV227: -6 | AW227: 32447 | AX227: 59.9 | AY227: 32447 | AZ227: 3.4 | BA227: 32447 | BB227: 1516 | BC227: 43039 | BD227: 5.46 | BE227: 40512 | BF227: 1 | BG227: 40847 | BH227: 7.2 | BI227: 34638 | BJ227: 15.6 | BK227: 32447 | BL227: 8.8 | BM227: 43404 | BN227: 2.6 | BO227: 41274 | BP227: 0 | BQ227: 33816 | BR227: 61.2 | BS227: 35369 | BT227: 96.5 | BU227: 25891 | BV227: 82.91 | BW227: 26441 | BX227: 121.93 | BY227: 27544 | BZ227: 83.1 | CA227: 40543 | CB227: 0.18 | CC227: 27634 | CD227: 161.9 | CE227: 30741 | CF227: 30.55 | CG227: 41283 | CH227: 156.7 | CI227: 31832 | CJ227: 1396.1 | CK227: 29178 | CL227: 49.721 | CM227: 40702 | CN227: 37 | CO227: 43061 | CP227: 391.06
I228: 32477 | J228: 5.3 | K228: 32477 | L228: 341 | O228: 32477 | P228: 293.8 | Q228: 32477 | R228: 3.3 | S228: 32477 | T228: 4.4 | U228: 32477 | V228: 4.50078 | W228: 33938 | X228: 2 | Y228: 32477 | Z228: 2.86 | AA228: 32477 | AB228: 84.7603 | AC228: 40543 | AD228: 19.8 | AG228: 32477 | AH228: 55.6 | AM228: 42521 | AN228: 54.1 | AO228: 32477 | AP228: 0.24 | AQ228: 32477 | AR228: 27.2 | AS228: 43982 | AT228: -48.5 | AU228: 41182 | AV228: 5 | AW228: 32477 | AX228: 60.4 | AY228: 32477 | AZ228: 4.1 | BA228: 32477 | BB228: 1508 | BC228: 43069 | BD228: 5.62 | BE228: 40543 | BF228: 0.7 | BG228: 40877 | BH228: 6.4 | BI228: 34668 | BJ228: 15.5 | BK228: 32477 | BL228: 8.4 | BM228: 43434 | BN228: 2.6 | BO228: 41305 | BP228: 0.4 | BQ228: 33847 | BR228: 59 | BS228: 35399 | BT228: 99.2 | BU228: 25892 | BV228: 83.72 | BW228: 26442 | BX228: 122.01 | BY228: 27551 | BZ228: 84.77 | CA228: 40633 | CB228: 0.14 | CC228: 27635 | CD228: 159.8 | CE228: 30742 | CF228: 30.73 | CG228: 41284 | CH228: 156.1 | CI228: 31833 | CJ228: 1404.6 | CK228: 29179 | CL228: 49.653 | CM228: 40703 | CN228: 36.15 | CO228: 43063 | CP228: 488.96
I229: 32508 | J229: 5.3 | K229: 32508 | L229: 281 | O229: 32508 | P229: 292 | Q229: 32508 | R229: 3.4 | S229: 32508 | T229: 4.7 | U229: 32508 | V229: 4.6275 | W229: 33969 | X229: 2 | Y229: 32508 | Z229: 2.76 | AA229: 32508 | AB229: 85.0642 | AC229: 40574 | AD229: 12.6 | AG229: 32508 | AH229: 56 | AM229: 42551 | AN229: 55.8 | AO229: 32508 | AP229: 0.55 | AQ229: 32508 | AR229: 22.7 | AS229: 44012 | AT229: -0.2 | AU229: 41213 | AV229: -1 | AW229: 32508 | AX229: 59.7 | AY229: 32508 | AZ229: 4 | BA229: 32508 | BB229: 1501 | BC229: 43100 | BD229: 5.57 | BE229: 40574 | BF229: 0.6 | BG229: 40908 | BH229: 5.3 | BI229: 34699 | BJ229: 15.2 | BK229: 32508 | BL229: 7.8 | BM229: 43465 | BN229: 0.9 | BO229: 41333 | BP229: 0 | BQ229: 33877 | BR229: 57.3 | BS229: 35430 | BT229: 96.9 | BU229: 25895 | BV229: 84.24 | BW229: 26443 | BX229: 122.38 | BY229: 27558 | BZ229: 83.43 | CA229: 40724 | CB229: 0.09 | CC229: 27638 | CD229: 155 | CE229: 30743 | CF229: 30.7 | CG229: 41285 | CH229: 154.6 | CI229: 31834 | CJ229: 1425.7 | CK229: 29180 | CL229: 49.556 | CM229: 40704 | CN229: 29.94 | CO229: 43066 | CP229: 501.11
I230: 32539 | J230: 5.4 | K230: 32539 | L230: 263 | O230: 32539 | P230: 289.8 | Q230: 32539 | R230: 3.9 | S230: 32539 | T230: 4.6 | U230: 32539 | V230: 4.66249 | W230: 34000 | X230: 1.9 | Y230: 32539 | Z230: 3.06 | AA230: 32539 | AB230: 85.208 | AC230: 40602 | AD230: 10.9 | AG230: 32539 | AH230: 54.7 | AM230: 42582 | AN230: 56.2 | AO230: 32539 | AP230: 0.24 | AQ230: 32539 | AR230: 28.2 | AS230: 44043 | AT230: 17.2 | AU230: 41243 | AV230: 1 | AW230: 32539 | AX230: 61.2 | AY230: 32539 | AZ230: 4.2 | BA230: 32539 | BB230: 1466 | BC230: 43131 | BD230: 5.41 | BE230: 40602 | BF230: 0.7 | BG230: 40939 | BH230: 5.9 | BI230: 34730 | BJ230: 14.4 | BK230: 32539 | BL230: 9 | BM230: 43496 | BN230: 1.3 | BO230: 41364 | BP230: 0.1 | BQ230: 33908 | BR230: 54.6 | BS230: 35461 | BT230: 97.4 | BU230: 25896 | BV230: 84.78 | BW230: 26444 | BX230: 122.68 | BY230: 27565 | BZ230: 85.24 | CA230: 40816 | CB230: 0.08 | CC230: 27639 | CD230: 149.25 | CE230: 30746 | CF230: 30.78 | CG230: 41288 | CH230: 153.1 | CI230: 31835 | CJ230: 1406.2 | CK230: 29182 | CL230: 49.999 | CM230: 40707 | CN230: 24.8 | CO230: 43067 | CP230: 496.93
... I277: 33969 | J277: 7.4 | K277: 33969 | L277: 220 | O277: 33969 | P277: 336.8 | Q277: 33969 | R277: 2.3 | S277: 33969 | T277: 3.3 | U277: 33969 | V277: 2.79511 | W277: 35430 | X277: 0.6 | Y277: 33969 | Z277: 4.1 | AA277: 33969 | AB277: 81.2604 | AC277: 42035 | AD277: -1.7 | AG277: 33969 | AH277: 54.2 | AM277: 44012 | AN277: 57.3 | AO277: 33969 | AP277: 0.43 | AQ277: 33969 | AR277: 25.4 | AS277: 45473 | AT277: -6 | AU277: 42674 | AV277: 2 | AW277: 33969 | AX277: 58.4 | AY277: 33969 | AZ277: 7.9 | BA277: 33969 | BB277: 1176 | BC277: 44561 | BD277: 6.21 | BE277: 42035 | BF277: -1 | BG277: 42369 | BH277: 1.7 | BI277: 36160 | BJ277: 17 | BK277: 33969 | BL277: 8.5 | BM277: 44926 | BN277: 1.3 | BO277: 42794 | BP277: 0.1 | BQ277: 35338 | BR277: 111.8 | BS277: 36891 | BT277: 98.4 | BU277: 25966 | BV277: 96.43 | BW277: 26511 | BX277: 120.47 | BY277: 27894 | BZ277: 89.78 | CA277: 45107 | CB277: 5.08 | CC277: 27704 | CD277: 145.9 | CE277: 30816 | CF277: 30.59 | CG277: 41360 | CH277: 137.5 | CI277: 31905 | CJ277: 1469.9 | CK277: 29251 | CL277: 60.078 | CM277: 40773 | CN277: 13.54 | CO277: 43137 | CP277: 804.77
I278: 34000 | J278: 7.3 | K278: 34000 | L278: 295 | O278: 34000 | P278: 346.8 | Q278: 34000 | R278: 2.6 | S278: 34000 | T278: 3.5 | U278: 34000 | V278: 2.81422 | W278: 35461 | X278: 0.7 | Y278: 34000 | Z278: 5.09 | AA278: 34000 | AB278: 81.447 | AC278: 42063 | AD278: -6.9 | AG278: 34000 | AH278: 55.8 | AM278: 44043 | AN278: 56.7 | AO278: 34000 | AP278: 0.21 | AQ278: 34000 | AR278: 31.1 | AU278: 42704 | AV278: 3 | AW278: 34000 | AX278: 62.1 | AY278: 34000 | AZ278: 7.8 | BA278: 34000 | BB278: 1177 | BC278: 44592 | BD278: 6.43 | BE278: 42063 | BF278: 0.2 | BG278: 42400 | BH278: 1.9 | BI278: 36191 | BJ278: 16.1 | BK278: 34000 | BL278: 5.1 | BM278: 44957 | BN278: 2.3 | BO278: 42825 | BP278: 0.4 | BQ278: 35369 | BR278: 107.3 | BS278: 36922 | BT278: 94.7 | BU278: 25967 | BV278: 96.63 | BW278: 26512 | BX278: 121.36 | BY278: 27901 | BZ278: 89.39 | CA278: 45198 | CB278: 5.33 | CC278: 27705 | CD278: 144.6 | CE278: 30817 | CF278: 30.6 | CG278: 41361 | CH278: 135.1 | CI278: 31908 | CJ278: 1473 | CK278: 29252 | CL278: 60.384 | CM278: 40774 | CN278: 14.56 | CO278: 43138 | CP278: 870.89
I279: 34028 | J279: 7.1 | K279: 34028 | L279: 249 | O279: 34028 | P279: 338.3 | Q279: 34028 | R279: 2.5 | S279: 34028 | T279: 3.6 | U279: 34028 | V279: 2.73138 | W279: 35489 | X279: 0.6 | Y279: 34028 | Z279: 4.82 | AA279: 34028 | AB279: 81.698 | AC279: 42094 | AD279: -1 | AG279: 34028 | AH279: 55.2 | AM279: 44074 | AN279: 57.1 | AO279: 34028 | AP279: 0.14 | AQ279: 34028 | AR279: 34.3 | AU279: 42735 | AV279: 7 | AW279: 34028 | AX279: 61 | AY279: 34028 | AZ279: 8.2 | BA279: 34028 | BB279: 1148 | BC279: 44620 | BD279: 5.89 | BE279: 42094 | BF279: 0.8 | BG279: 42429 | BH279: 2.4 | BI279: 36219 | BJ279: 16.6 | BK279: 34028 | BL279: 5 | BM279: 44985 | BN279: 2.3 | BO279: 42855 | BP279: 0 | BQ279: 35399 | BR279: 109.5 | BS279: 36950 | BT279: 90.6 | BU279: 25968 | BV279: 96.62 | BW279: 26513 | BX279: 122.09 | BY279: 27908 | BZ279: 88.04 | CA279: 45289 | CB279: 5.33 | CC279: 27708 | CD279: 144.2 | CE279: 30818 | CF279: 30.98 | CG279: 41362 | CH279: 134 | CI279: 31909 | CJ279: 1491.3 | CK279: 29255 | CL279: 60.352 | CM279: 40777 | CN279: 13.63 | CO279: 43139 | CP279: 852.19
I280: 34059 | J280: 7 | K280: 34059 | L280: -52 | O280: 34059 | P280: 351 | Q280: 34059 | R280: 2.7 | S280: 34059 | T280: 3.4 | U280: 34059 | V280: 2.69957 | W280: 35520 | X280: 0.7 | Y280: 34059 | Z280: 3.89 | AA280: 34059 | AB280: 81.502 | AC280: 42124 | AD280: -4.9 | AG280: 34059 | AH280: 53.5 | AM280: 44104 | AN280: 57.1 | AO280: 34059 | AP280: -0.47 | AQ280: 34059 | AR280: 16.2 | AU280: 42766 | AV280: 13 | AW280: 34059 | AX280: 59.6 | AY280: 34059 | AZ280: 7.3 | BA280: 34059 | BB280: 1056 | BC280: 44651 | BD280: 5.63 | BE280: 42124 | BF280: 0.1 | BG280: 42460 | BH280: 1.7 | BI280: 36250 | BJ280: 16.4 | BK280: 34059 | BL280: 4.5 | BM280: 45016 | BN280: 1.7 | BO280: 42886 | BP280: 0.1 | BQ280: 35430 | BR280: 114.2 | BS280: 36981 | BT280: 91.5 | BU280: 25969 | BV280: 96.93 | BW280: 26514 | BX280: 122.93 | BY280: 27915 | BZ280: 87.75 | CA280: 45380 | CB280: 5.33 | CC280: 27709 | CD280: 144.25 | CE280: 30819 | CF280: 30.73 | CG280: 41365 | CH280: 134 | CI280: 31910 | CJ280: 1486.9 | CK280: 29256 | CL280: 60.593 | CM280: 40778 | CN280: 13.68 | CO280: 43140 | CP280: 908.29
I281: 34089 | J281: 7.1 | K281: 34089 | L281: 303 | O281: 34089 | P281: 349.3 | Q281: 34089 | R281: 2.5 | S281: 34089 | T281: 3.5 | U281: 34089 | V281: 2.66114 | W281: 35550 | X281: 0.7 | Y281: 34089 | Z281: 3.41 | AA281: 34089 | AB281: 81.6217 | AC281: 42155 | AD281: -8.9 | AG281: 34089 | AH281: 50.2 | AM281: 44135 | AN281: 56.1 | AO281: 34089 | AP281: 0.23 | AQ281: 34089 | AR281: 23.3 | AU281: 42794 | AV281: 15 | AW281: 34089 | AX281: 56.1 | AY281: 34089 | AZ281: 7.4 | BA281: 34089 | BB281: 1104 | BC281: 44681 | BD281: 5.53 | BE281: 42155 | BF281: 0.7 | BG281: 42490 | BH281: 2.1 | BI281: 36280 | BJ281: 16.5 | BK281: 34089 | BL281: 4.9 | BM281: 45046 | BN281: 1.6 | BO281: 42916 | BP281: 0.3 | BQ281: 35461 | BR281: 118.7 | BS281: 37011 | BT281: 88.4 | BU281: 25972 | BV281: 97.45 | BW281: 26515 | BX281: 123.28 | BY281: 27922 | BZ281: 87.71 | CA281: 45443 | CB281: 5.33 | CC281: 27710 | CD281: 143.85 | CE281: 30820 | CF281: 30.75 | CG281: 41366 | CH281: 134 | CI281: 31911 | CJ281: 1481.9 | CK281: 29257 | CL281: 60.871 | CM281: 40779 | CN281: 13.56 | CO281: 43143 | CP281: 923.35
I282: 34120 | J282: 7.1 | K282: 34120 | L282: 275 | O282: 34120 | P282: 343.8 | Q282: 34120 | R282: 2.6 | S282: 34120 | T282: 3.4 | U282: 34120 | V282: 2.86434 | W282: 35581 | X282: 0.2 | Y282: 34120 | Z282: 2.68 | AA282: 34120 | AB282: 81.1916 | AC282: 42185 | AD282: -1.7 | AG282: 34120 | AH282: 51.2 | AM282: 44165 | AN282: 56.1 | AO282: 34120 | AP282: -0.08 | AQ282: 34120 | AR282: 14.8 | AU282: 42825 | AV282: 18 | AW282: 34120 | AX282: 52.7 | AY282: 34120 | AZ282: 6.7 | BA282: 34120 | BB282: 1112 | BC282: 44712 | BD282: 5.35 | BE282: 42185 | BF282: 0.1 | BG282: 42521 | BH282: 1.7 | BI282: 36311 | BJ282: 17.1 | BK282: 34120 | BL282: 4.6 | BM282: 45077 | BN282: 1.8 | BO282: 42947 | BP282: 0.3 | BQ282: 35489 | BR282: 118.9 | BS282: 37042 | BT282: 92 | BU282: 25973 | BV282: 97.51 | BW282: 26518 | BX282: 123.27 | BY282: 27929 | BZ282: 90.05 | CC282: 27711 | CD282: 143.85 | CE282: 30823 | CF282: 30.93 | CG282: 41367 | CH282: 134.8 | CI282: 31912 | CJ282: 1499.6 | CK282: 29258 | CL282: 61.096 | CM282: 40780 | CN282: 12.08 | CO282: 43144 | CP282: 898.55
I283: 34150 | J283: 7 | K283: 34150 | L283: 181 | O283: 34150 | P283: 340.5 | Q283: 34150 | R283: 2.4 | S283: 34150 | T283: 3.3 | U283: 34150 | V283: 2.88233 | W283: 35611 | X283: 0.1 | Y283: 34150 | Z283: 2.85 | AA283: 34150 | AB283: 81.2566 | AC283: 42216 | AD283: -24.4 | AG283: 34150 | AH283: 49.6 | AM283: 44196 | AN283: 57.5 | AO283: 34150 | AP283: 0.02 | AQ283: 34150 | AR283: 3.5 | AU283: 42855 | AV283: 19 | AW283: 34150 | AX283: 53.7 | AY283: 34150 | AZ283: 6.3 | BA283: 34150 | BB283: 1130 | BC283: 44742 | BD283: 5.1 | BE283: 42216 | BF283: 0.9 | BG283: 42551 | BH283: 2.7 | BI283: 36341 | BJ283: 16.9 | BK283: 34150 | BL283: 3.9 | BM283: 45107 | BN283: 2.1 | BO283: 42978 | BP283: 0 | BQ283: 35520 | BR283: 118.5 | BS283: 37072 | BT283: 92.6 | BU283: 25974 | BV283: 97.39 | BW283: 26519 | BX283: 123.26 | BY283: 27936 | BZ283: 90.05 | CC283: 27712 | CD283: 142 | CE283: 30824 | CF283: 30.67 | CG283: 41372 | CH283: 136.5 | CI283: 31915 | CJ283: 1526.1 | CK283: 29259 | CL283: 61.487 | CM283: 40781 | CN283: 10.23 | CO283: 43145 | CP283: 957.33
I284: 34181 | J284: 6.9 | K284: 34181 | L284: 309 | O284: 34181 | P284: 355 | Q284: 34181 | R284: 2.4 | S284: 34181 | T284: 3.2 | U284: 34181 | V284: 2.70731 | W284: 35642 | X284: 0 | Y284: 34181 | Z284: 2.16 | AA284: 34181 | AB284: 81.3428 | AC284: 42247 | AD284: -5.6 | AG284: 34181 | AH284: 50.2 | AM284: 44227 | AN284: 58.4 | AO284: 34181 | AP284: -0.02 | AQ284: 34181 | AR284: -3.2 | AU284: 42886 | AV284: 5 | AW284: 34181 | AX284: 52.4 | AY284: 34181 | AZ284: 5.9 | BA284: 34181 | BB284: 1174 | BC284: 44773 | BD284: 4.86 | BE284: 42247 | BF284: -0.1 | BG284: 42582 | BH284: 1.2 | BI284: 36372 | BJ284: 17.2 | BK284: 34181 | BL284: 4.1 | BM284: 45138 | BN284: 2.5 | BO284: 43008 | BP284: 0.5 | BQ284: 35550 | BR284: 118.5 | BS284: 37103 | BT284: 92.4 | BU284: 25975 | BV284: 97.91 | BW284: 26520 | BX284: 123.23 | BY284: 27943 | BZ284: 90.88 | CC284: 27715 | CD284: 142 | CE284: 30825 | CF284: 30.6 | CG284: 41373 | CH284: 138.2 | CI284: 31916 | CJ284: 1488.4 | CK284: 29262 | CL284: 61.141 | CM284: 40784 | CN284: 11.21 | CO284: 43146 | CP284: 981.66
I285: 34212 | J285: 6.8 | K285: 34212 | L285: 149 | O285: 34212 | P285: 341 | Q285: 34212 | R285: 2.4 | S285: 34212 | T285: 3.3 | U285: 34212 | V285: 2.80542 | W285: 35673 | X285: -0.1 | Y285: 34212 | Z285: 2.61 | AA285: 34212 | AB285: 81.1291 | AC285: 42277 | AD285: -7.4 | AG285: 34212 | AH285: 50.7 | AM285: 44255 | AN285: 56.5 | AO285: 34212 | AP285: -0.03 | AQ285: 34212 | AR285: -0.3 | AU285: 42916 | AV285: 12 | AW285: 34212 | AX285: 52.2 | AY285: 34212 | AZ285: 6.4 | BA285: 34212 | BB285: 1230 | BC285: 44804 | BD285: 4.75 | BE285: 42277 | BF285: -0.7 | BG285: 42613 | BH285: 1.4 | BI285: 36403 | BJ285: 17.2 | BK285: 34212 | BL285: 4 | BM285: 45169 | BN285: 2 | BO285: 43039 | BP285: 0.1 | BQ285: 35581 | BR285: 127.9 | BS285: 37134 | BT285: 91.5 | BU285: 25976 | BV285: 98.43 | BW285: 26521 | BX285: 123.43 | BY285: 27950 | BZ285: 91.48 | CC285: 27716 | CD285: 139.25 | CE285: 30826 | CF285: 30.75 | CG285: 41374 | CH285: 139.8 | CI285: 31917 | CJ285: 1498.9 | CK285: 29263 | CL285: 61.245 | CM285: 40785 | CN285: 10.99 | CO285: 43147 | CP285: 988.74
I286: 34242 | J286: 6.7 | K286: 34242 | L286: 245 | O286: 34242 | P286: 338.8 | Q286: 34242 | R286: 2.6 | S286: 34242 | T286: 3.2 | U286: 34242 | V286: 2.79314 | W286: 35703 | X286: 0.4 | Y286: 34242 | Z286: 2.82 | AA286: 34242 | AB286: 81.4164 | AC286: 42308 | AD286: -4.4 | AG286: 34242 | AH286: 50.8 | AM286: 44286 | AN286: 62.3 | AO286: 34242 | AP286: 0.38 | AQ286: 34242 | AR286: 7.3 | AU286: 42947 | AV286: 12 | AW286: 34242 | AX286: 55.2 | AY286: 34242 | AZ286: 6.5 | BA286: 34242 | BB286: 1251 | BC286: 44834 | BD286: 4.7 | BE286: 42308 | BF286: -0.1 | BG286: 42643 | BH286: 2.7 | BI286: 36433 | BJ286: 17.2 | BK286: 34242 | BL286: 4.1 | BM286: 45199 | BN286: 2.1 | BO286: 43069 | BP286: 0.5 | BQ286: 35611 | BR286: 129.9 | BS286: 37164 | BT286: 81.8 | BU286: 25980 | BV286: 98.66 | BW286: 26522 | BX286: 124.15 | BY286: 27957 | BZ286: 92.4 | CC286: 27717 | CD286: 141.75 | CE286: 30827 | CF286: 30.88 | CG286: 41375 | CH286: 141.3 | CI286: 31918 | CJ286: 1493.4 | CK286: 29264 | CL286: 61.318 | CM286: 40786 | CN286: 10.25 | CO286: 43151 | CP286: 972.27
I287: 34273 | J287: 6.8 | K287: 34273 | L287: 280 | O287: 34273 | P287: 354 | Q287: 34273 | R287: 2.6 | S287: 34273 | T287: 3 | U287: 34273 | V287: 2.56699 | W287: 35734 | X287: 0.2 | Y287: 34273 | Z287: 2.88 | AA287: 34273 | AB287: 81.8692 | AC287: 42338 | AD287: 0.1 | AG287: 34273 | AH287: 53.4 | AM287: 44316 | AN287: 63.3 | AO287: 34273 | AP287: 0.34 | AQ287: 34273 | AR287: 8.9 | AU287: 42978 | AV287: 14 | AW287: 34273 | AX287: 56.4 | AY287: 34273 | AZ287: 7.2 | BA287: 34273 | BB287: 1287 | BC287: 44865 | BD287: 4.49 | BE287: 42338 | BF287: 0.2 | BG287: 42674 | BH287: 3.2 | BI287: 36464 | BJ287: 17.2 | BK287: 34273 | BL287: 4.1 | BM287: 45230 | BN287: 2.1 | BO287: 43100 | BP287: 0.8 | BQ287: 35642 | BR287: 126.3 | BS287: 37195 | BT287: 82.7 | BU287: 25981 | BV287: 98.2 | BW287: 26525 | BX287: 124.61 | BY287: 27964 | BZ287: 91.6 | CC287: 27718 | CD287: 142.4 | CE287: 30831 | CF287: 30.71 | CG287: 41376 | CH287: 141.7 | CI287: 31919 | CJ287: 1491.5 | CK287: 29265 | CL287: 60.698 | CM287: 40787 | CN287: 10.26 | CO287: 43152 | CP287: 874.99
I288: 34303 | J288: 6.6 | K288: 34303 | L288: 256 | O288: 34303 | P288: 341 | Q288: 34303 | R288: 2.6 | S288: 34303 | T288: 3.1 | U288: 34303 | V288: 2.60745 | W288: 35764 | X288: 0.2 | Y288: 34303 | Z288: 2.97 | AA288: 34303 | AB288: 82.0917 | AC288: 42369 | AD288: -3.9 | AG288: 34303 | AH288: 53.8 | AM288: 44347 | AN288: 64.3 | AO288: 34303 | AP288: 0.28 | AQ288: 34303 | AR288: 18.9 | AU288: 43008 | AV288: 18 | AW288: 34303 | AX288: 60.4 | AY288: 34303 | AZ288: 6.8 | BA288: 34303 | BB288: 1357 | BC288: 44895 | BD288: 4.19 | BE288: 42369 | BF288: 0.6 | BG288: 42704 | BH288: 3.1 | BI288: 36494 | BJ288: 17.1 | BK288: 34303 | BL288: 4.2 | BM288: 45260 | BN288: 2.9 | BO288: 43131 | BP288: -0.1 | BQ288: 35673 | BR288: 127.6 | BS288: 37225 | BT288: 83.9 | BU288: 25982 | BV288: 97.56 | BW288: 26526 | BX288: 124.44 | BY288: 27971 | BZ288: 91.29 | CC288: 27719 | CD288: 141.35 | CE288: 30832 | CF288: 30.81 | CG288: 41379 | CH288: 140.1 | CI288: 31923 | CJ288: 1485.1 | CK288: 29266 | CL288: 60.34 | CM288: 40788 | CN288: 10.8 | CO288: 43153 | CP288: 861.31
I289: 34334 | J289: 6.5 | K289: 34334 | L289: 334 | O289: 34334 | P289: 324 | Q289: 34334 | R289: 2.7 | S289: 34334 | T289: 3.2 | U289: 34334 | V289: 2.46314 | W289: 35795 | X289: 0 | Y289: 34334 | Z289: 3.39 | AA289: 34334 | AB289: 82.3931 | AC289: 42400 | AD289: -0.6 | AG289: 34334 | AH289: 55.6 | AM289: 44377 | AN289: 61.2 | AO289: 34334 | AP289: 0.48 | AQ289: 34334 | AR289: 41.4 | AU289: 43039 | AV289: 15 | AW289: 34334 | AX289: 60.3 | AY289: 34334 | AZ289: 7 | BA289: 34334 | BB289: 1461 | BC289: 44926 | BD289: 4.12 | BE289: 42400 | BF289: -0.8 | BG289: 42735 | BH289: 3.2 | BI289: 36525 | BJ289: 17.9 | BK289: 34334 | BL289: 3.8 | BM289: 45291 | BN289: 3.3 | BO289: 43159 | BP289: 0 | BQ289: 35703 | BR289: 130.2 | BS289: 37256 | BT289: 88.8 | BU289: 25983 | BV289: 96.74 | BW289: 26527 | BX289: 124.21 | BY289: 27978 | BZ289: 91.64 | CC289: 27722 | CD289: 140.6 | CE289: 30833 | CF289: 30.83 | CG289: 41380 | CH289: 139 | CI289: 31924 | CJ289: 1450.7 | CK289: 29270 | CL289: 59.833 | CM289: 40792 | CN289: 8.58 | CO289: 43154 | CP289: 884.65
I290: 34365 | J290: 6.6 | K290: 34365 | L290: 274 | O290: 34365 | P290: 363.8 | Q290: 34365 | R290: 2.6 | S290: 34365 | T290: 2.9 | U290: 34365 | V290: 2.24661 | W290: 35826 | X290: -0.1 | Y290: 34365 | Z290: 3.3 | AA290: 34365 | AB290: 82.4707 | AC290: 42429 | AD290: 2.4 | AG290: 34365 | AH290: 56 | AM290: 44408 | AN290: 64 | AO290: 34365 | AP290: 0.07 | AQ290: 34365 | AR290: 27.2 | AU290: 43069 | AV290: 27 | AW290: 34365 | AX290: 60.1 | AY290: 34365 | AZ290: 6.2 | BA290: 34365 | BB290: 1390 | BC290: 44957 | BD290: 4.07 | BE290: 42429 | BF290: 0.6 | BG290: 42766 | BH290: 5.5 | BI290: 36556 | BJ290: 18.3 | BK290: 34365 | BL290: 4.4 | BM290: 45322 | BN290: 1.9 | BO290: 43190 | BP290: 0.3 | BQ290: 35734 | BR290: 123.4 | BS290: 37287 | BT290: 93 | BU290: 25986 | BV290: 95.72 | BW290: 26528 | BX290: 123.98 | BY290: 27985 | BZ290: 91.81 | CC290: 27723 | CD290: 141.4 | CE290: 30834 | CF290: 30.7 | CG290: 41381 | CH290: 138.5 | CI290: 31925 | CJ290: 1473.6 | CK290: 29271 | CL290: 60.235 | CM290: 40793 | CN290: 8.99 | CO290: 43157 | CP290: 912.91
I291: 34393 | J291: 6.6 | K291: 34393 | L291: 181 | O291: 34393 | P291: 348.5 | Q291: 34393 | R291: 2.8 | S291: 34393 | T291: 2.8 | U291: 34393 | V291: 2.27283 | W291: 35854 | X291: 0.1 | Y291: 34393 | Z291: 2.9 | AA291: 34393 | AB291: 82.3162 | AC291: 42460 | AD291: -2.3 | AG291: 34393 | AH291: 56.5 | AM291: 44439 | AN291: 61.3 | AO291: 34393 | AP291: 0.19 | AQ291: 34393 | AR291: 21.3 | AU291: 43100 | AV291: 21 | AW291: 34393 | AX291: 61.6 | AY291: 34393 | AZ291: 6 | BA291: 34393 | BB291: 1269 | BC291: 44985 | BD291: 4.53 | BE291: 42460 | BF291: 0.1 | BG291: 42794 | BH291: 5 | BI291: 36585 | BJ291: 18.99 | BK291: 34393 | BL291: 4.1 | BM291: 45351 | BN291: 2.2 | BO291: 43220 | BP291: 0.1 | BQ291: 35764 | BR291: 128.1 | BS291: 37315 | BT291: 90.7 | BU291: 25987 | BV291: 96.09 | BW291: 26529 | BX291: 124.26 | BY291: 27992 | BZ291: 90.19 | CC291: 27724 | CD291: 140.6 | CE291: 30837 | CF291: 30.75 | CG291: 41382 | CH291: 138.3 | CI291: 31926 | CJ291: 1469.2 | CK291: 29272 | CL291: 59.857 | CM291: 40794 | CN291: 8.16 | CO291: 43158 | CP291: 928.89
I292: 34424 | J292: 6.5 | K292: 34424 | L292: 461 | O292: 34424 | P292: 334.3 | Q292: 34424 | R292: 2.4 | S292: 34424 | T292: 2.9 | U292: 34424 | V292: 2.39727 | W292: 35885 | X292: 0.5 | Y292: 34424 | Z292: 4.02 | AA292: 34424 | AB292: 82.9362 | AC292: 42490 | AD292: 0.5 | AG292: 34424 | AH292: 56.9 | AM292: 44469 | AN292: 62 | AO292: 34424 | AP292: 0.96 | AQ292: 34424 | AR292: 19.8 | AU292: 43131 | AV292: 18 | AW292: 34424 | AX292: 64.9 | AY292: 34424 | AZ292: 7.4 | BA292: 34424 | BB292: 1342 | BC292: 45016 | BD292: 4.35 | BE292: 42490 | BF292: 0.4 | BG292: 42825 | BH292: 5.2 | BI292: 36616 | BJ292: 17.98 | BK292: 34424 | BL292: 4.8 | BM292: 45382 | BN292: 2.8 | BO292: 43251 | BP292: 0.3 | BQ292: 35795 | BR292: 136.2 | BS292: 37346 | BT292: 95.7 | BU292: 25988 | BV292: 96.73 | BW292: 26532 | BX292: 124.24 | BY292: 27999 | BZ292: 89.14 | CC292: 27725 | CD292: 139 | CE292: 30838 | CF292: 30.73 | CG292: 41383 | CH292: 138 | CI292: 31929 | CJ292: 1471.9 | CK292: 29273 | CL292: 59.394 | CM292: 40795 | CN292: 6.29 | CO292: 43159 | CP292: 921.76
I293: 34454 | J293: 6.4 | K293: 34454 | L293: 347 | O293: 34454 | P293: 344.5 | Q293: 34454 | R293: 2.5 | S293: 34454 | T293: 2.8 | U293: 34454 | V293: 2.25372 | W293: 35915 | X293: 0.6 | Y293: 34454 | Z293: 4.35 | AA293: 34454 | AB293: 83.194 | AC293: 42521 | AD293: 3.2 | AG293: 34454 | AH293: 57.4 | AM293: 44500 | AN293: 66.8 | AO293: 34454 | AP293: 0.23 | AQ293: 34454 | AR293: 16.7 | AU293: 43159 | AV293: 22 | AW293: 34454 | AX293: 66.8 | AY293: 34454 | AZ293: 7.3 | BA293: 34454 | BB293: 1392 | BC293: 45046 | BD293: 4.22 | BE293: 42521 | BF293: 0.4 | BG293: 42855 | BH293: 5.1 | BI293: 36646 | BJ293: 17.61 | BK293: 34454 | BL293: 4.8 | BM293: 45412 | BN293: 2.6 | BO293: 43281 | BP293: 0.1 | BQ293: 35826 | BR293: 128.3 | BS293: 37376 | BT293: 93 | BU293: 25989 | BV293: 96.92 | BW293: 26533 | BX293: 124.67 | BY293: 28006 | BZ293: 91.02 | CC293: 27726 | CD293: 138.15 | CE293: 30839 | CF293: 30.55 | CG293: 41386 | CH293: 137.9 | CI293: 31930 | CJ293: 1488.7 | CK293: 29276 | CL293: 58.694 | CM293: 40798 | CN293: 7.6 | CO293: 43160 | CP293: 929.45
I294: 34485 | J294: 6.1 | K294: 34485 | L294: 336 | O294: 34485 | P294: 359 | Q294: 34485 | R294: 2.5 | S294: 34485 | T294: 2.8 | U294: 34485 | V294: 2.13571 | W294: 35946 | X294: 0.8 | Y294: 34485 | Z294: 5.24 | AA294: 34485 | AB294: 83.3452 | AC294: 42551 | AD294: -8.7 | AG294: 34485 | AH294: 58.2 | AM294: 44530 | AN294: 67.1 | AO294: 34485 | AP294: 0.41 | AQ294: 34485 | AR294: 22.1 | AU294: 43190 | AV294: 12 | AW294: 34485 | AX294: 67.2 | AY294: 34485 | AZ294: 7.8 | BA294: 34485 | BB294: 1396 | BC294: 45077 | BD294: 4.23 | BE294: 42551 | BF294: 1.2 | BG294: 42886 | BH294: 3.9 | BI294: 36677 | BJ294: 17.47 | BK294: 34485 | BL294: 4.8 | BO294: 43312 | BP294: 0.2 | BQ294: 35854 | BR294: 137.4 | BS294: 37407 | BT294: 96.9 | BU294: 25990 | BV294: 96.75 | BW294: 26534 | BX294: 124.67 | BY294: 28013 | BZ294: 91.19 | CC294: 27729 | CD294: 137.9 | CE294: 30840 | CF294: 30.4 | CG294: 41387 | CH294: 136.7 | CI294: 31931 | CJ294: 1509.9 | CK294: 29277 | CL294: 58.791 | CM294: 40799 | CN294: 7.25 | CO294: 43161 | CP294: 906.74
I295: 34515 | J295: 6.1 | K295: 34515 | L295: 314 | O295: 34515 | P295: 337.3 | Q295: 34515 | R295: 2.5 | S295: 34515 | T295: 2.9 | U295: 34515 | V295: 2.26514 | W295: 35976 | X295: 0.8 | Y295: 34515 | Z295: 5.7 | AA295: 34515 | AB295: 83.6506 | AC295: 42582 | AD295: -8.7 | AG295: 34515 | AH295: 58.8 | AM295: 44561 | AN295: 61.6 | AO295: 34515 | AP295: 0.42 | AQ295: 34515 | AR295: 25 | AU295: 43220 | AV295: 3 | AW295: 34515 | AX295: 65.9 | AY295: 34515 | AZ295: 8.3 | BA295: 34515 | BB295: 1357 | BC295: 45107 | BD295: 4.11 | BE295: 42582 | BF295: -0.6 | BG295: 42916 | BH295: 3 | BI295: 36707 | BJ295: 17.18 | BK295: 34515 | BL295: 5.1 | BO295: 43343 | BP295: 0.2 | BQ295: 35885 | BR295: 133.8 | BS295: 37437 | BT295: 92.4 | BU295: 25993 | BV295: 97 | BW295: 26535 | BX295: 124.19 | BY295: 28020 | BZ295: 91.61 | CC295: 27730 | CD295: 139.3 | CE295: 30841 | CF295: 30.37 | CG295: 41388 | CH295: 136.2 | CI295: 31932 | CJ295: 1494.7 | CK295: 29278 | CL295: 58.513 | CM295: 40800 | CN295: 7.03 | CO295: 43164 | CP295: 903.46
I296: 34546 | J296: 6.1 | K296: 34546 | L296: 370 | O296: 34546 | P296: 344.3 | Q296: 34546 | R296: 2.6 | S296: 34546 | T296: 2.9 | U296: 34546 | V296: 2.26799 | W296: 36007 | X296: 1.1 | Y296: 34546 | Z296: 5.59 | AA296: 34546 | AB296: 83.4915 | AC296: 42613 | AD296: 1.5 | AG296: 34546 | AH296: 58.5 | AM296: 44592 | AN296: 60 | AO296: 34546 | AP296: 0.04 | AQ296: 34546 | AR296: 17.8 | AU296: 43251 | AV296: 18 | AW296: 34546 | AX296: 67 | AY296: 34546 | AZ296: 8.6 | BA296: 34546 | BB296: 1335 | BC296: 45138 | BD296: 4.05 | BE296: 42613 | BF296: 0 | BG296: 42947 | BH296: 3.6 | BI296: 36738 | BJ296: 16.86 | BK296: 34546 | BL296: 5.1 | BO296: 43373 | BP296: -0.2 | BQ296: 35915 | BR296: 137.2 | BS296: 37468 | BT296: 88.1 | BU296: 25994 | BV296: 96.98 | BW296: 26536 | BX296: 123.45 | BY296: 28027 | BZ296: 92.31 | CC296: 27731 | CD296: 139.45 | CE296: 30844 | CF296: 30.15 | CG296: 41389 | CH296: 135.1 | CI296: 31933 | CJ296: 1520.3 | CK296: 29279 | CL296: 58.529 | CM296: 40801 | CN296: 6.05 | CO296: 43165 | CP296: 855.68
I297: 34577 | J297: 6 | K297: 34577 | L297: 292 | O297: 34577 | P297: 336.3 | Q297: 34577 | R297: 2.5 | S297: 34577 | T297: 2.9 | U297: 34577 | V297: 2.19151 | W297: 36038 | X297: 1.1 | Y297: 34577 | Z297: 6.4 | AA297: 34577 | AB297: 83.7838 | AC297: 42643 | AD297: -0.2 | AG297: 34577 | AH297: 58 | AM297: 44620 | AN297: 57.2 | AO297: 34577 | AP297: 0.78 | AQ297: 34577 | AR297: 18.5 | AU297: 43281 | AV297: 21 | AW297: 34577 | AX297: 64.2 | AY297: 34577 | AZ297: 8.7 | BA297: 34577 | BB297: 1377 | BC297: 45169 | BD297: 4.03 | BE297: 42643 | BF297: 0.6 | BG297: 42978 | BH297: 4.4 | BI297: 36769 | BJ297: 16.92 | BK297: 34577 | BL297: 5 | BO297: 43404 | BP297: 0.3 | BQ297: 35946 | BR297: 136.3 | BS297: 37499 | BT297: 87.6 | BU297: 25995 | BV297: 96.95 | BW297: 26539 | BX297: 123.11 | BY297: 28034 | BZ297: 90.44 | CC297: 27732 | CD297: 138.85 | CE297: 30845 | CF297: 30.17 | CG297: 41390 | CH297: 134.6 | CI297: 31936 | CJ297: 1527.8 | CK297: 29280 | CL297: 58.807 | CM297: 40802 | CN297: 6.03 | CO297: 43166 | CP297: 783.68
I298: 34607 | J298: 5.9 | K298: 34607 | L298: 354 | O298: 34607 | P298: 328 | Q298: 34607 | R298: 2.6 | S298: 34607 | T298: 3 | U298: 34607 | V298: 2.19273 | W298: 36068 | X298: 1.1 | Y298: 34607 | Z298: 6.21 | AA298: 34607 | AB298: 83.7623 | AC298: 42674 | AD298: 1.4 | AG298: 34607 | AH298: 59 | AM298: 44651 | AN298: 58.3 | AO298: 34607 | AP298: 0.11 | AQ298: 34607 | AR298: 18.5 | AU298: 43312 | AV298: 22 | AW298: 34607 | AX298: 63.7 | AY298: 34607 | AZ298: 9 | BA298: 34607 | BB298: 1412 | BC298: 45199 | BD298: 3.98 | BE298: 42674 | BF298: 0.4 | BG298: 43008 | BH298: 5.3 | BI298: 36799 | BJ298: 18.24 | BK298: 34607 | BL298: 5.8 | BO298: 43434 | BP298: 0.5 | BQ298: 35976 | BR298: 138.2 | BS298: 37529 | BT298: 86.1 | BU298: 25996 | BV298: 97.92 | BW298: 26540 | BX298: 123.1 | BY298: 28041 | BZ298: 89.38 | CC298: 27733 | CD298: 138 | CE298: 30846 | CF298: 30.1 | CG298: 41396 | CH298: 132.1 | CI298: 31937 | CJ298: 1543.6 | CK298: 29283 | CL298: 58.397 | CM298: 40805 | CN298: 6.83 | CO298: 43167 | CP298: 753.18
...

Sheet Valeurs
A1: Valeurs relevées — dernière donnée connue à chaque date cible
A2: Date cible | B2: =Variations!$B$1 -> 45490 | C2: =EDATE(Variations!$B$1,-1) -> 45460 | D2: =EDATE(Variations!$B$1,-2) -> 45429 | E2: =EDATE(Variations!$B$1,-3) -> 45399 | F2: =EDATE(Variations!$B$1,-4) -> 45368 | G2: =EDATE(Variations!$B$1,-5) -> 45339 | H2: =EDATE(Variations!$B$1,-6) -> 45308 | I2: =EDATE(Variations!$B$1,-7) -> 45277 | J2: =EDATE(Variations!$B$1,-8) -> 45247 | K2: =EDATE(Variations!$B$1,-9) -> 45216 | L2: =EDATE(Variations!$B$1,-10) -> 45186 | M2: =EDATE(Variations!$B$1,-11) -> 45155 | N2: =EDATE(Variations!$B$1,-12) -> 45124
A3: Indicateur | B3: Date de réf. | C3: -1 mois | D3: -2 mois | E3: -3 mois | F3: -4 mois | G3: -5 mois | H3: -6 mois | I3: -7 mois | J3: -8 mois | K3: -9 mois | L3: -10 mois | M3: -11 mois | N3: -12 mois
A4: GDP CQOQ Index | B4: =IFERROR(LOOKUP(Variations!$B$1,Données!$A$2:$A$218,Données!$B$2:$B$218),"") -> 1.3 | C4: =IFERROR(LOOKUP(EDATE(Variations!$B$1,-1),Données!$A$2:$A$218,Données!$B$2:$B$218),"") -> 1.3 | D4: =IFERROR(LOOKUP(EDATE(Variations!$B$1,-2),Données!$A$2:$A$218,Données!$B$2:$B$218),"") -> 1.3 | E4: =IFERROR(LOOKUP(EDATE(Variations!$B$1,-3),Données!$A$2:$A$218,Données!$B$2:$B$218),"") -> 1.3 | F4: =IFERROR(LOOKUP(EDATE(Variations!$B$1,-4),Données!$A$2:$A$218,Données!$B$2:$B$218),"") -> 3.4 | G4: =IFERROR(LOOKUP(EDATE(Variations!$B$1,-5),Données!$A$2:$A$218,Données!$B$2:$B$218),"") -> 3.4 | H4: =IFERROR(LOOKUP(EDATE(Variations!$B$1,-6),Données!$A$2:$A$218,Données!$B$2:$B$218),"") -> 3.4 | I4: =IFERROR(LOOKUP(EDATE(Variations!$B$1,-7),Données!$A$2:$A$218,Données!$B$2:$B$218),"") -> 4.9 | J4: =IFERROR(LOOKUP(EDATE(Variations!$B$1,-8),Données!$A$2:$A$218,Données!$B$2:$B$218),"") -> 4.9 | K4: =IFERROR(LOOKUP(EDATE(Variations!$B$1,-9),Données!$A$2:$A$218,Données!$B$2:$B$218),"") -> 4.9 | L4: =IFERROR(LOOKUP(EDATE(Variations!$B$1,-10),Données!$A$2:$A$218,Données!$B$2:$B$218),"") -> 2.1 | M4: =IFERROR(LOOKUP(EDATE(Variations!$B$1,-11),Données!$A$2:$A$218,Données!$B$2:$B$218),"") -> 2.1 | N4: =IFERROR(LOOKUP(EDATE(Variations!$B$1,-12),Données!$A$2:$A$218,Données!$B$2:$B$218),"") -> 2.1
A5: GDP CYOY Index | B5: =IFERROR(LOOKUP(Variations!$B$1,Données!$C$2:$C$218,Données!$D$2:$D$218),"") -> 2.9 | C5: =IFERROR(LOOKUP(EDATE(Variations!$B$1,-1),Données!$C$2:$C$218,Données!$D$2:$D$218),"") -> 2.9 | D5: =IFERROR(LOOKUP(EDATE(Variations!$B$1,-2),Données!$C$2:$C$218,Données!$D$2:$D$218),"") -> 2.9 | E5: =IFERROR(LOOKUP(EDATE(Variations!$B$1,-3),Données!$C$2:$C$218,Données!$D$2:$D$218),"") -> 2.9 | F5: =IFERROR(LOOKUP(EDATE(Variations!$B$1,-4),Données!$C$2:$C$218,Données!$D$2:$D$218),"") -> 3.1 | G5: =IFERROR(LOOKUP(EDATE(Variations!$B$1,-5),Données!$C$2:$C$218,Données!$D$2:$D$218),"") -> 3.1 | H5: =IFERROR(LOOKUP(EDATE(Variations!$B$1,-6),Données!$C$2:$C$218,Données!$D$2:$D$218),"") -> 3.1 | I5: =IFERROR(LOOKUP(EDATE(Variations!$B$1,-7),Données!$C$2:$C$218,Données!$D$2:$D$218),"") -> 2.9 | J5: =IFERROR(LOOKUP(EDATE(Variations!$B$1,-8),Données!$C$2:$C$218,Données!$D$2:$D$218),"") -> 2.9 | K5: =IFERROR(LOOKUP(EDATE(Variations!$B$1,-9),Données!$C$2:$C$218,Données!$D$2:$D$218),"") -> 2.9 | L5: =IFERROR(LOOKUP(EDATE(Variations!$B$1,-10),Données!$C$2:$C$218,Données!$D$2:$D$218),"") -> 2.4 | M5: =IFERROR(LOOKUP(EDATE(Variations!$B$1,-11),Données!$C$2:$C$218,Données!$D$2:$D$218),"") -> 2.4 | N5: =IFERROR(LOOKUP(EDATE(Variations!$B$1,-12),Données!$C$2:$C$218,Données!$D$2:$D$218),"") -> 2.4
A6: GDP CURY Index | B6: =IFERROR(LOOKUP(Variations!$B$1,Données!$E$2:$E$218,Données!$F$2:$F$218),"") -> 5.4 | C6: =IFERROR(LOOKUP(EDATE(Variations!$B$1,-1),Données!$E$2:$E$218,Données!$F$2:$F$218),"") -> 5.4 | D6: =IFERROR(LOOKUP(EDATE(Variations!$B$1,-2),Données!$E$2:$E$218,Données!$F$2:$F$218),"") -> 5.4 | E6: =IFERROR(LOOKUP(EDATE(Variations!$B$1,-3),Données!$E$2:$E$218,Données!$F$2:$F$218),"") -> 5.4 | F6: =IFERROR(LOOKUP(EDATE(Variations!$B$1,-4),Données!$E$2:$E$218,Données!$F$2:$F$218),"") -> 5.9 | G6: =IFERROR(LOOKUP(EDATE(Variations!$B$1,-5),Données!$E$2:$E$218,Données!$F$2:$F$218),"") -> 5.9 | H6: =IFERROR(LOOKUP(EDATE(Variations!$B$1,-6),Données!$E$2:$E$218,Données!$F$2:$F$218),"") -> 5.9 | I6: =IFERROR(LOOKUP(EDATE(Variations!$B$1,-7),Données!$E$2:$E$218,Données!$F$2:$F$218),"") -> 6.2 | J6: =IFERROR(LOOKUP(EDATE(Variations!$B$1,-8),Données!$E$2:$E$218,Données!$F$2:$F$218),"") -> 6.2 | K6: =IFERROR(LOOKUP(EDATE(Variations!$B$1,-9),Données!$E$2:$E$218,Données!$F$2:$F$218),"") -> 6.2 | L6: =IFERROR(LOOKUP(EDATE(Variations!$B$1,-10),Données!$E$2:$E$218,Données!$F$2:$F$218),"") -> 5.9 | M6: =IFERROR(LOOKUP(EDATE(Variations!$B$1,-11),Données!$E$2:$E$218,Données!$F$2:$F$218),"") -> 5.9 | N6: =IFERROR(LOOKUP(EDATE(Variations!$B$1,-12),Données!$E$2:$E$218,Données!$F$2:$F$218),"") -> 5.9
A7: GDP PIQQ Index | B7: =IFERROR(LOOKUP(Variations!$B$1,Données!$G$2:$G$218,Données!$H$2:$H$218),"") -> 3 | C7: =IFERROR(LOOKUP(EDATE(Variations!$B$1,-1),Données!$G$2:$G$218,Données!$H$2:$H$218),"") -> 3 | D7: =IFERROR(LOOKUP(EDATE(Variations!$B$1,-2),Données!$G$2:$G$218,Données!$H$2:$H$218),"") -> 3 | E7: =IFERROR(LOOKUP(EDATE(Variations!$B$1,-3),Données!$G$2:$G$218,Données!$H$2:$H$218),"") -> 3 | F7: =IFERROR(LOOKUP(EDATE(Variations!$B$1,-4),Données!$G$2:$G$218,Données!$H$2:$H$218),"") -> 1.6 | G7: =IFERROR(LOOKUP(EDATE(Variations!$B$1,-5),Données!$G$2:$G$218,Données!$H$2:$H$218),"") -> 1.6 | H7: =IFERROR(LOOKUP(EDATE(Variations!$B$1,-6),Données!$G$2:$G$218,Données!$H$2:$H$218),"") -> 1.6 | I7: =IFERROR(LOOKUP(EDATE(Variations!$B$1,-7),Données!$G$2:$G$218,Données!$H$2:$H$218),"") -> 3.3 | J7: =IFERROR(LOOKUP(EDATE(Variations!$B$1,-8),Données!$G$2:$G$218,Données!$H$2:$H$218),"") -> 3.3 | K7: =IFERROR(LOOKUP(EDATE(Variations!$B$1,-9),Données!$G$2:$G$218,Données!$H$2:$H$218),"") -> 3.3 | L7: =IFERROR(LOOKUP(EDATE(Variations!$B$1,-10),Données!$G$2:$G$218,Données!$H$2:$H$218),"") -> 1.7 | M7: =IFERROR(LOOKUP(EDATE(Variations!$B$1,-11),Données!$G$2:$G$218,Données!$H$2:$H$218),"") -> 1.7 | N7: =IFERROR(LOOKUP(EDATE(Variations!$B$1,-12),Données!$G$2:$G$218,Données!$H$2:$H$218),"") -> 1.7
A8: USURTOT Index | B8: =IFERROR(LOOKUP(Variations!$B$1,Données!$I$2:$I$654,Données!$J$2:$J$654),"") -> 4 | C8: =IFERROR(LOOKUP(EDATE(Variations!$B$1,-1),Données!$I$2:$I$654,Données!$J$2:$J$654),"") -> 4 | D8: =IFERROR(LOOKUP(EDATE(Variations!$B$1,-2),Données!$I$2:$I$654,Données!$J$2:$J$654),"") -> 3.9 | E8: =IFERROR(LOOKUP(EDATE(Variations!$B$1,-3),Données!$I$2:$I$654,Données!$J$2:$J$654),"") -> 3.8 | F8: =IFERROR(LOOKUP(EDATE(Variations!$B$1,-4),Données!$I$2:$I$654,Données!$J$2:$J$654),"") -> 3.9 | G8: =IFERROR(LOOKUP(EDATE(Variations!$B$1,-5),Données!$I$2:$I$654,Données!$J$2:$J$654),"") -> 3.7 | H8: =IFERROR(LOOKUP(EDATE(Variations!$B$1,-6),Données!$I$2:$I$654,Données!$J$2:$J$654),"") -> 3.7 | I8: =IFERROR(LOOKUP(EDATE(Variations!$B$1,-7),Données!$I$2:$I$654,Données!$J$2:$J$654),"") -> 3.7 | J8: =IFERROR(LOOKUP(EDATE(Variations!$B$1,-8),Données!$I$2:$I$654,Données!$J$2:$J$654),"") -> 3.8 | K8: =IFERROR(LOOKUP(EDATE(Variations!$B$1,-9),Données!$I$2:$I$654,Données!$J$2:$J$654),"") -> 3.8 | L8: =IFERROR(LOOKUP(EDATE(Variations!$B$1,-10),Données!$I$2:$I$654,Données!$J$2:$J$654),"") -> 3.8 | M8: =IFERROR(LOOKUP(EDATE(Variations!$B$1,-11),Données!$I$2:$I$654,Données!$J$2:$J$654),"") -> 3.5 | N8: =IFERROR(LOOKUP(EDATE(Variations!$B$1,-12),Données!$I$2:$I$654,Données!$J$2:$J$654),"") -> 3.6
A9: NFP TCH Index | B9: =IFERROR(LOOKUP(Variations!$B$1,Données!$K$2:$K$654,Données!$L$2:$L$654),"") -> 272 | C9: =IFERROR(LOOKUP(EDATE(Variations!$B$1,-1),Données!$K$2:$K$654,Données!$L$2:$L$654),"") -> 272 | D9: =IFERROR(LOOKUP(EDATE(Variations!$B$1,-2),Données!$K$2:$K$654,Données!$L$2:$L$654),"") -> 165 | E9: =IFERROR(LOOKUP(EDATE(Variations!$B$1,-3),Données!$K$2:$K$654,Données!$L$2:$L$654),"") -> 310 | F9: =IFERROR(LOOKUP(EDATE(Variations!$B$1,-4),Données!$K$2:$K$654,Données!$L$2:$L$654),"") -> 236 | G9: =IFERROR(LOOKUP(EDATE(Variations!$B$1,-5),Données!$K$2:$K$654,Données!$L$2:$L$654),"") -> 256 | H9: =IFERROR(LOOKUP(EDATE(Variations!$B$1,-6),Données!$K$2:$K$654,Données!$L$2:$L$654),"") -> 290 | I9: =IFERROR(LOOKUP(EDATE(Variations!$B$1,-7),Données!$K$2:$K$654,Données!$L$2:$L$654),"") -> 182 | J9: =IFERROR(LOOKUP(EDATE(Variations!$B$1,-8),Données!$K$2:$K$654,Données!$L$2:$L$654),"") -> 165 | K9: =IFERROR(LOOKUP(EDATE(Variations!$B$1,-9),Données!$K$2:$K$654,Données!$L$2:$L$654),"") -> 246 | L9: =IFERROR(LOOKUP(EDATE(Variations!$B$1,-10),Données!$K$2:$K$654,Données!$L$2:$L$654),"") -> 210 | M9: =IFERROR(LOOKUP(EDATE(Variations!$B$1,-11),Données!$K$2:$K$654,Données!$L$2:$L$654),"") -> 184 | N9: =IFERROR(LOOKUP(EDATE(Variations!$B$1,-12),Données!$K$2:$K$654,Données!$L$2:$L$654),"") -> 240
A10: ADP CHNG Index | B10: =IFERROR(LOOKUP(Variations!$B$1,Données!$M$2:$M$173,Données!$N$2:$N$173),"") -> 152 | C10: =IFERROR(LOOKUP(EDATE(Variations!$B$1,-1),Données!$M$2:$M$173,Données!$N$2:$N$173),"") -> 152 | D10: =IFERROR(LOOKUP(EDATE(Variations!$B$1,-2),Données!$M$2:$M$173,Données!$N$2:$N$173),"") -> 188 | E10: =IFERROR(LOOKUP(EDATE(Variations!$B$1,-3),Données!$M$2:$M$173,Données!$N$2:$N$173),"") -> 211 | F10: =IFERROR(LOOKUP(EDATE(Variations!$B$1,-4),Données!$M$2:$M$173,Données!$N$2:$N$173),"") -> 175 | G10: =IFERROR(LOOKUP(EDATE(Variations!$B$1,-5),Données!$M$2:$M$173,Données!$N$2:$N$173),"") -> 111 | H10: =IFERROR(LOOKUP(EDATE(Variations!$B$1,-6),Données!$M$2:$M$173,Données!$N$2:$N$173),"") -> 158 | I10: =IFERROR(LOOKUP(EDATE(Variations!$B$1,-7),Données!$M$2:$M$173,Données!$N$2:$N$173),"") -> 104 | J10: =IFERROR(LOOKUP(EDATE(Variations!$B$1,-8),Données!$M$2:$M$173,Données!$N$2:$N$173),"") -> 111 | K10: =IFERROR(LOOKUP(EDATE(Variations!$B$1,-9),Données!$M$2:$M$173,Données!$N$2:$N$173),"") -> 137 | L10: =IFERROR(LOOKUP(EDATE(Variations!$B$1,-10),Données!$M$2:$M$173,Données!$N$2:$N$173),"") -> 135 | M10: =IFERROR(LOOKUP(EDATE(Variations!$B$1,-11),Données!$M$2:$M$173,Données!$N$2:$N$173),"") -> 307 | N10: =IFERROR(LOOKUP(EDATE(Variations!$B$1,-12),Données!$M$2:$M$173,Données!$N$2:$N$173),"") -> 543
A11: LEI WKIJ Index | B11: =IFERROR(LOOKUP(Variations!$B$1,Données!$O$2:$O$653,Données!$P$2:$P$653),"") -> 210.3 | C11: =IFERROR(LOOKUP(EDATE(Variations!$B$1,-1),Données!$O$2:$O$653,Données!$P$2:$P$653),"") -> 210.3 | D11: =IFERROR(LOOKUP(EDATE(Variations!$B$1,-2),Données!$O$2:$O$653,Données!$P$2:$P$653),"") -> 210.3 | E11: =IFERROR(LOOKUP(EDATE(Variations!$B$1,-3),Données!$O$2:$O$653,Données!$P$2:$P$653),"") -> 214.5 | F11: =IFERROR(LOOKUP(EDATE(Variations!$B$1,-4),Données!$O$2:$O$653,Données!$P$2:$P$653),"") -> 208.5 | G11: =IFERROR(LOOKUP(EDATE(Variations!$B$1,-5),Données!$O$2:$O$653,Données!$P$2:$P$653),"") -> 209.5 | H11: =IFERROR(LOOKUP(EDATE(Variations!$B$1,-6),Données!$O$2:$O$653,Données!$P$2:$P$653),"") -> 205.8 | I11: =IFERROR(LOOKUP(EDATE(Variations!$B$1,-7),Données!$O$2:$O$653,Données!$P$2:$P$653),"") -> 217.5 | J11: =IFERROR(LOOKUP(EDATE(Variations!$B$1,-8),Données!$O$2:$O$653,Données!$P$2:$P$653),"") -> 210.5 | K11: =IFERROR(LOOKUP(EDATE(Variations!$B$1,-9),Données!$O$2:$O$653,Données!$P$2:$P$653),"") -> 216.5 | L11: =IFERROR(LOOKUP(EDATE(Variations!$B$1,-10),Données!$O$2:$O$653,Données!$P$2:$P$653),"") -> 237.8 | M11: =IFERROR(LOOKUP(EDATE(Variations!$B$1,-11),Données!$O$2:$O$653,Données!$P$2:$P$653),"") -> 233.5 | N11: =IFERROR(LOOKUP(EDATE(Variations!$B$1,-12),Données!$O$2:$O$653,Données!$P$2:$P$653),"") -> 251.8
A12: USHEYOY Index | B12: =IFERROR(LOOKUP(Variations!$B$1,Données!$Q$2:$Q$654,Données!$R$2:$R$654),"") -> 4.2 | C12: =IFERROR(LOOKUP(EDATE(Variations!$B$1,-1),Données!$Q$2:$Q$654,Données!$R$2:$R$654),"") -> 4.2 | D12: =IFERROR(LOOKUP(EDATE(Variations!$B$1,-2),Données!$Q$2:$Q$654,Données!$R$2:$R$654),"") -> 4.1 | E12: =IFERROR(LOOKUP(EDATE(Variations!$B$1,-3),Données!$Q$2:$Q$654,Données!$R$2:$R$654),"") -> 4.2 | F12: =IFERROR(LOOKUP(EDATE(Variations!$B$1,-4),Données!$Q$2:$Q$654,Données!$R$2:$R$654),"") -> 4.5 | G12: =IFERROR(LOOKUP(EDATE(Variations!$B$1,-5),Données!$Q$2:$Q$654,Données!$R$2:$R$654),"") -> 4.7 | H12: =IFERROR(LOOKUP(EDATE(Variations!$B$1,-6),Données!$Q$2:$Q$654,Données!$R$2:$R$654),"") -> 4.5 | I12: =IFERROR(LOOKUP(EDATE(Variations!$B$1,-7),Données!$Q$2:$Q$654,Données!$R$2:$R$654),"") -> 4.6 | J12: =IFERROR(LOOKUP(EDATE(Variations!$B$1,-8),Données!$Q$2:$Q$654,Données!$R$2:$R$654),"") -> 4.6 | K12: =IFERROR(LOOKUP(EDATE(Variations!$B$1,-9),Données!$Q$2:$Q$654,Données!$R$2:$R$654),"") -> 4.7 | L12: =IFERROR(LOOKUP(EDATE(Variations!$B$1,-10),Données!$Q$2:$Q$654,Données!$R$2:$R$654),"") -> 4.8 | M12: =IFERROR(LOOKUP(EDATE(Variations!$B$1,-11),Données!$Q$2:$Q$654,Données!$R$2:$R$654),"") -> 5 | N12: =IFERROR(LOOKUP(EDATE(Variations!$B$1,-12),Données!$Q$2:$Q$654,Données!$R$2:$R$654),"") -> 5
A13: CPI XYOY Index | B13: =IFERROR(LOOKUP(Variations!$B$1,Données!$S$2:$S$654,Données!$T$2:$T$654),"") -> 3.4 | C13: =IFERROR(LOOKUP(EDATE(Variations!$B$1,-1),Données!$S$2:$S$654,Données!$T$2:$T$654),"") -> 3.4 | D13: =IFERROR(LOOKUP(EDATE(Variations!$B$1,-2),Données!$S$2:$S$654,Données!$T$2:$T$654),"") -> 3.6 | E13: =IFERROR(LOOKUP(EDATE(Variations!$B$1,-3),Données!$S$2:$S$654,Données!$T$2:$T$654),"") -> 3.8 | F13: =IFERROR(LOOKUP(EDATE(Variations!$B$1,-4),Données!$S$2:$S$654,Données!$T$2:$T$654),"") -> 3.8 | G13: =IFERROR(LOOKUP(EDATE(Variations!$B$1,-5),Données!$S$2:$S$654,Données!$T$2:$T$654),"") -> 3.9 | H13: =IFERROR(LOOKUP(EDATE(Variations!$B$1,-6),Données!$S$2:$S$654,Données!$T$2:$T$654),"") -> 3.9 | I13: =IFERROR(LOOKUP(EDATE(Variations!$B$1,-7),Données!$S$2:$S$654,Données!$T$2:$T$654),"") -> 4 | J13: =IFERROR(LOOKUP(EDATE(Variations!$B$1,-8),Données!$S$2:$S$654,Données!$T$2:$T$654),"") -> 4 | K13: =IFERROR(LOOKUP(EDATE(Variations!$B$1,-9),Données!$S$2:$S$654,Données!$T$2:$T$654),"") -> 4.1 | L13: =IFERROR(LOOKUP(EDATE(Variations!$B$1,-10),Données!$S$2:$S$654,Données!$T$2:$T$654),"") -> 4.3 | M13: =IFERROR(LOOKUP(EDATE(Variations!$B$1,-11),Données!$S$2:$S$654,Données!$T$2:$T$654),"") -> 4.7 | N13: =IFERROR(LOOKUP(EDATE(Variations!$B$1,-12),Données!$S$2:$S$654,Données!$T$2:$T$654),"") -> 4.8
A14: PCE CYOY Index | B14: =IFERROR(LOOKUP(Variations!$B$1,Données!$U$2:$U$653,Données!$V$2:$V$653),"") -> 2.75366 | C14: =IFERROR(LOOKUP(EDATE(Variations!$B$1,-1),Données!$U$2:$U$653,Données!$V$2:$V$653),"") -> 2.75366 | D14: =IFERROR(LOOKUP(EDATE(Variations!$B$1,-2),Données!$U$2:$U$653,Données!$V$2:$V$653),"") -> 2.75366 | E14: =IFERROR(LOOKUP(EDATE(Variations!$B$1,-3),Données!$U$2:$U$653,Données!$V$2:$V$653),"") -> 2.81284 | F14: =IFERROR(LOOKUP(EDATE(Variations!$B$1,-4),Données!$U$2:$U$653,Données!$V$2:$V$653),"") -> 2.81465 | G14: =IFERROR(LOOKUP(EDATE(Variations!$B$1,-5),Données!$U$2:$U$653,Données!$V$2:$V$653),"") -> 2.90905 | H14: =IFERROR(LOOKUP(EDATE(Variations!$B$1,-6),Données!$U$2:$U$653,Données!$V$2:$V$653),"") -> 2.94093 | I14: =IFERROR(LOOKUP(EDATE(Variations!$B$1,-7),Données!$U$2:$U$653,Données!$V$2:$V$653),"") -> 3.18253 | J14: =IFERROR(LOOKUP(EDATE(Variations!$B$1,-8),Données!$U$2:$U$653,Données!$V$2:$V$653),"") -> 3.38367 | K14: =IFERROR(LOOKUP(EDATE(Variations!$B$1,-9),Données!$U$2:$U$653,Données!$V$2:$V$653),"") -> 3.59249 | L14: =IFERROR(LOOKUP(EDATE(Variations!$B$1,-10),Données!$U$2:$U$653,Données!$V$2:$V$653),"") -> 3.72619 | M14: =IFERROR(LOOKUP(EDATE(Variations!$B$1,-11),Données!$U$2:$U$653,Données!$V$2:$V$653),"") -> 4.18915 | N14: =IFERROR(LOOKUP(EDATE(Variations!$B$1,-12),Données!$U$2:$U$653,Données!$V$2:$V$653),"") -> 4.28008
A15: PPI XYOY Index | B15: =IFERROR(LOOKUP(Variations!$B$1,Données!$W$2:$W$606,Données!$X$2:$X$606),"") -> 2.3 | C15: =IFERROR(LOOKUP(EDATE(Variations!$B$1,-1),Données!$W$2:$W$606,Données!$X$2:$X$606),"") -> 2.3 | D15: =IFERROR(LOOKUP(EDATE(Variations!$B$1,-2),Données!$W$2:$W$606,Données!$X$2:$X$606),"") -> 2.3 | E15: =IFERROR(LOOKUP(EDATE(Variations!$B$1,-3),Données!$W$2:$W$606,Données!$X$2:$X$606),"") -> 2.3 | F15: =IFERROR(LOOKUP(EDATE(Variations!$B$1,-4),Données!$W$2:$W$606,Données!$X$2:$X$606),"") -> 2.3 | G15: =IFERROR(LOOKUP(EDATE(Variations!$B$1,-5),Données!$W$2:$W$606,Données!$X$2:$X$606),"") -> 2.3 | H15: =IFERROR(LOOKUP(EDATE(Variations!$B$1,-6),Données!$W$2:$W$606,Données!$X$2:$X$606),"") -> 2.7 | I15: =IFERROR(LOOKUP(EDATE(Variations!$B$1,-7),Données!$W$2:$W$606,Données!$X$2:$X$606),"") -> 2.9 | J15: =IFERROR(LOOKUP(EDATE(Variations!$B$1,-8),Données!$W$2:$W$606,Données!$X$2:$X$606),"") -> 3.1 | K15: =IFERROR(LOOKUP(EDATE(Variations!$B$1,-9),Données!$W$2:$W$606,Données!$X$2:$X$606),"") -> 3.4 | L15: =IFERROR(LOOKUP(EDATE(Variations!$B$1,-10),Données!$W$2:$W$606,Données!$X$2:$X$606),"") -> 3.6 | M15: =IFERROR(LOOKUP(EDATE(Variations!$B$1,-11),Données!$W$2:$W$606,Données!$X$2:$X$606),"") -> 3.9 | N15: =IFERROR(LOOKUP(EDATE(Variations!$B$1,-12),Données!$W$2:$W$606,Données!$X$2:$X$606),"") -> 4.2
A16: IP YOY Index | B16: =IFERROR(LOOKUP(Variations!$B$1,Données!$Y$2:$Y$653,Données!$Z$2:$Z$653),"") -> -0.38 | C16: =IFERROR(LOOKUP(EDATE(Variations!$B$1,-1),Données!$Y$2:$Y$653,Données!$Z$2:$Z$653),"") -> -0.38 | D16: =IFERROR(LOOKUP(EDATE(Variations!$B$1,-2),Données!$Y$2:$Y$653,Données!$Z$2:$Z$653),"") -> -0.38 | E16: =IFERROR(LOOKUP(EDATE(Variations!$B$1,-3),Données!$Y$2:$Y$653,Données!$Z$2:$Z$653),"") -> 0.09 | F16: =IFERROR(LOOKUP(EDATE(Variations!$B$1,-4),Données!$Y$2:$Y$653,Données!$Z$2:$Z$653),"") -> 0.06 | G16: =IFERROR(LOOKUP(EDATE(Variations!$B$1,-5),Données!$Y$2:$Y$653,Données!$Z$2:$Z$653),"") -> -0.73 | H16: =IFERROR(LOOKUP(EDATE(Variations!$B$1,-6),Données!$Y$2:$Y$653,Données!$Z$2:$Z$653),"") -> 1.07 | I16: =IFERROR(LOOKUP(EDATE(Variations!$B$1,-7),Données!$Y$2:$Y$653,Données!$Z$2:$Z$653),"") -> -0.16 | J16: =IFERROR(LOOKUP(EDATE(Variations!$B$1,-8),Données!$Y$2:$Y$653,Données!$Z$2:$Z$653),"") -> -0.82 | K16: =IFERROR(LOOKUP(EDATE(Variations!$B$1,-9),Données!$Y$2:$Y$653,Données!$Z$2:$Z$653),"") -> -0.22 | L16: =IFERROR(LOOKUP(EDATE(Variations!$B$1,-10),Données!$Y$2:$Y$653,Données!$Z$2:$Z$653),"") -> -0.12 | M16: =IFERROR(LOOKUP(EDATE(Variations!$B$1,-11),Données!$Y$2:$Y$653,Données!$Z$2:$Z$653),"") -> 0.06 | N16: =IFERROR(LOOKUP(EDATE(Variations!$B$1,-12),Données!$Y$2:$Y$653,Données!$Z$2:$Z$653),"") -> -0.38
A17: CPTICHNG Index | B17: =IFERROR(LOOKUP(Variations!$B$1,Données!$AA$2:$AA$653,Données!$AB$2:$AB$653),"") -> 78.397 | C17: =IFERROR(LOOKUP(EDATE(Variations!$B$1,-1),Données!$AA$2:$AA$653,Données!$AB$2:$AB$653),"") -> 78.397 | D17: =IFERROR(LOOKUP(EDATE(Variations!$B$1,-2),Données!$AA$2:$AA$653,Données!$AB$2:$AB$653),"") -> 78.397 | E17: =IFERROR(LOOKUP(EDATE(Variations!$B$1,-3),Données!$AA$2:$AA$653,Données!$AB$2:$AB$653),"") -> 78.4879 | F17: =IFERROR(LOOKUP(EDATE(Variations!$B$1,-4),Données!$AA$2:$AA$653,Données!$AB$2:$AB$653),"") -> 78.4842 | G17: =IFERROR(LOOKUP(EDATE(Variations!$B$1,-5),Données!$AA$2:$AA$653,Données!$AB$2:$AB$653),"") -> 77.9346 | H17: =IFERROR(LOOKUP(EDATE(Variations!$B$1,-6),Données!$AA$2:$AA$653,Données!$AB$2:$AB$653),"") -> 78.6358 | I17: =IFERROR(LOOKUP(EDATE(Variations!$B$1,-7),Données!$AA$2:$AA$653,Données!$AB$2:$AB$653),"") -> 78.9696 | J17: =IFERROR(LOOKUP(EDATE(Variations!$B$1,-8),Données!$AA$2:$AA$653,Données!$AB$2:$AB$653),"") -> 78.7929 | K17: =IFERROR(LOOKUP(EDATE(Variations!$B$1,-9),Données!$AA$2:$AA$653,Données!$AB$2:$AB$653),"") -> 79.4371 | L17: =IFERROR(LOOKUP(EDATE(Variations!$B$1,-10),Données!$AA$2:$AA$653,Données!$AB$2:$AB$653),"") -> 79.3823 | M17: =IFERROR(LOOKUP(EDATE(Variations!$B$1,-11),Données!$AA$2:$AA$653,Données!$AB$2:$AB$653),"") -> 79.5299 | N17: =IFERROR(LOOKUP(EDATE(Variations!$B$1,-12),Données!$AA$2:$AA$653,Données!$AB$2:$AB$653),"") -> 78.9361
A18: DGNOYOY Index | B18: =IFERROR(LOOKUP(Variations!$B$1,Données!$AC$2:$AC$388,Données!$AD$2:$AD$388),"") -> 1.2 | C18: =IFERROR(LOOKUP(EDATE(Variations!$B$1,-1),Données!$AC$2:$AC$388,Données!$AD$2:$AD$388),"") -> 1.2 | D18: =IFERROR(LOOKUP(EDATE(Variations!$B$1,-2),Données!$AC$2:$AC$388,Données!$AD$2:$AD$388),"") -> 1.2 | E18: =IFERROR(LOOKUP(EDATE(Variations!$B$1,-3),Données!$AC$2:$AC$388,Données!$AD$2:$AD$388),"") -> -2.2 | F18: =IFERROR(LOOKUP(EDATE(Variations!$B$1,-4),Données!$AC$2:$AC$388,Données!$AD$2:$AD$388),"") -> 4.5 | G18: =IFERROR(LOOKUP(EDATE(Variations!$B$1,-5),Données!$AC$2:$AC$388,Données!$AD$2:$AD$388),"") -> -0.9 | H18: =IFERROR(LOOKUP(EDATE(Variations!$B$1,-6),Données!$AC$2:$AC$388,Données!$AD$2:$AD$388),"") -> 3.4 | I18: =IFERROR(LOOKUP(EDATE(Variations!$B$1,-7),Données!$AC$2:$AC$388,Données!$AD$2:$AD$388),"") -> 10 | J18: =IFERROR(LOOKUP(EDATE(Variations!$B$1,-8),Données!$AC$2:$AC$388,Données!$AD$2:$AD$388),"") -> 0.7 | K18: =IFERROR(LOOKUP(EDATE(Variations!$B$1,-9),Données!$AC$2:$AC$388,Données!$AD$2:$AD$388),"") -> 5.9 | L18: =IFERROR(LOOKUP(EDATE(Variations!$B$1,-10),Données!$AC$2:$AC$388,Données!$AD$2:$AD$388),"") -> 3 | M18: =IFERROR(LOOKUP(EDATE(Variations!$B$1,-11),Données!$AC$2:$AC$388,Données!$AD$2:$AD$388),"") -> 2.9 | N18: =IFERROR(LOOKUP(EDATE(Variations!$B$1,-12),Données!$AC$2:$AC$388,Données!$AD$2:$AD$388),"") -> 9
A19: MPMIUSCA Index | B19: =IFERROR(LOOKUP(Variations!$B$1,Données!$AE$2:$AE$37,Données!$AF$2:$AF$37),"") -> 54.5 | C19: =IFERROR(LOOKUP(EDATE(Variations!$B$1,-1),Données!$AE$2:$AE$37,Données!$AF$2:$AF$37),"") -> 54.5 | D19: =IFERROR(LOOKUP(EDATE(Variations!$B$1,-2),Données!$AE$2:$AE$37,Données!$AF$2:$AF$37),"") -> 51.3 | E19: =IFERROR(LOOKUP(EDATE(Variations!$B$1,-3),Données!$AE$2:$AE$37,Données!$AF$2:$AF$37),"") -> 52.1 | F19: =IFERROR(LOOKUP(EDATE(Variations!$B$1,-4),Données!$AE$2:$AE$37,Données!$AF$2:$AF$37),"") -> 52.5 | G19: =IFERROR(LOOKUP(EDATE(Variations!$B$1,-5),Données!$AE$2:$AE$37,Données!$AF$2:$AF$37),"") -> 52 | H19: =IFERROR(LOOKUP(EDATE(Variations!$B$1,-6),Données!$AE$2:$AE$37,Données!$AF$2:$AF$37),"") -> 50.9 | I19: =IFERROR(LOOKUP(EDATE(Variations!$B$1,-7),Données!$AE$2:$AE$37,Données!$AF$2:$AF$37),"") -> 50.7 | J19: =IFERROR(LOOKUP(EDATE(Variations!$B$1,-8),Données!$AE$2:$AE$37,Données!$AF$2:$AF$37),"") -> 50.7 | K19: =IFERROR(LOOKUP(EDATE(Variations!$B$1,-9),Données!$AE$2:$AE$37,Données!$AF$2:$AF$37),"") -> 50.2 | L19: =IFERROR(LOOKUP(EDATE(Variations!$B$1,-10),Données!$AE$2:$AE$37,Données!$AF$2:$AF$37),"") -> 50.2 | M19: =IFERROR(LOOKUP(EDATE(Variations!$B$1,-11),Données!$AE$2:$AE$37,Données!$AF$2:$AF$37),"") -> 52 | N19: =IFERROR(LOOKUP(EDATE(Variations!$B$1,-12),Données!$AE$2:$AE$37,Données!$AF$2:$AF$37),"") -> 53.2
A20: NAPMPMI Index | B20: =IFERROR(LOOKUP(Variations!$B$1,Données!$AG$2:$AG$654,Données!$AH$2:$AH$654),"") -> 48.7 | C20: =IFERROR(LOOKUP(EDATE(Variations!$B$1,-1),Données!$AG$2:$AG$654,Données!$AH$2:$AH$654),"") -> 48.7 | D20: =IFERROR(LOOKUP(EDATE(Variations!$B$1,-2),Données!$AG$2:$AG$654,Données!$AH$2:$AH$654),"") -> 49.2 | E20: =IFERROR(LOOKUP(EDATE(Variations!$B$1,-3),Données!$AG$2:$AG$654,Données!$AH$2:$AH$654),"") -> 50.3 | F20: =IFERROR(LOOKUP(EDATE(Variations!$B$1,-4),Données!$AG$2:$AG$654,Données!$AH$2:$AH$654),"") -> 47.8 | G20: =IFERROR(LOOKUP(EDATE(Variations!$B$1,-5),Données!$AG$2:$AG$654,Données!$AH$2:$AH$654),"") -> 49.1 | H20: =IFERROR(LOOKUP(EDATE(Variations!$B$1,-6),Données!$AG$2:$AG$654,Données!$AH$2:$AH$654),"") -> 47.1 | I20: =IFERROR(LOOKUP(EDATE(Variations!$B$1,-7),Données!$AG$2:$AG$654,Données!$AH$2:$AH$654),"") -> 46.6 | J20: =IFERROR(LOOKUP(EDATE(Variations!$B$1,-8),Données!$AG$2:$AG$654,Données!$AH$2:$AH$654),"") -> 46.9 | K20: =IFERROR(LOOKUP(EDATE(Variations!$B$1,-9),Données!$AG$2:$AG$654,Données!$AH$2:$AH$654),"") -> 48.6 | L20: =IFERROR(LOOKUP(EDATE(Variations!$B$1,-10),Données!$AG$2:$AG$654,Données!$AH$2:$AH$654),"") -> 47.6 | M20: =IFERROR(LOOKUP(EDATE(Variations!$B$1,-11),Données!$AG$2:$AG$654,Données!$AH$2:$AH$654),"") -> 46.5 | N20: =IFERROR(LOOKUP(EDATE(Variations!$B$1,-12),Données!$AG$2:$AG$654,Données!$AH$2:$AH$654),"") -> 46.4
A21: MPMIUSMA Index | B21: =IFERROR(LOOKUP(Variations!$B$1,Données!$AI$2:$AI$37,Données!$AJ$2:$AJ$37),"") -> 51.3 | C21: =IFERROR(LOOKUP(EDATE(Variations!$B$1,-1),Données!$AI$2:$AI$37,Données!$AJ$2:$AJ$37),"") -> 51.3 | D21: =IFERROR(LOOKUP(EDATE(Variations!$B$1,-2),Données!$AI$2:$AI$37,Données!$AJ$2:$AJ$37),"") -> 50 | E21: =IFERROR(LOOKUP(EDATE(Variations!$B$1,-3),Données!$AI$2:$AI$37,Données!$AJ$2:$AJ$37),"") -> 51.9 | F21: =IFERROR(LOOKUP(EDATE(Variations!$B$1,-4),Données!$AI$2:$AI$37,Données!$AJ$2:$AJ$37),"") -> 52.2 | G21: =IFERROR(LOOKUP(EDATE(Variations!$B$1,-5),Données!$AI$2:$AI$37,Données!$AJ$2:$AJ$37),"") -> 50.7 | H21: =IFERROR(LOOKUP(EDATE(Variations!$B$1,-6),Données!$AI$2:$AI$37,Données!$AJ$2:$AJ$37),"") -> 47.9 | I21: =IFERROR(LOOKUP(EDATE(Variations!$B$1,-7),Données!$AI$2:$AI$37,Données!$AJ$2:$AJ$37),"") -> 49.4 | J21: =IFERROR(LOOKUP(EDATE(Variations!$B$1,-8),Données!$AI$2:$AI$37,Données!$AJ$2:$AJ$37),"") -> 50 | K21: =IFERROR(LOOKUP(EDATE(Variations!$B$1,-9),Données!$AI$2:$AI$37,Données!$AJ$2:$AJ$37),"") -> 49.8 | L21: =IFERROR(LOOKUP(EDATE(Variations!$B$1,-10),Données!$AI$2:$AI$37,Données!$AJ$2:$AJ$37),"") -> 47.9 | M21: =IFERROR(LOOKUP(EDATE(Variations!$B$1,-11),Données!$AI$2:$AI$37,Données!$AJ$2:$AJ$37),"") -> 49 | N21: =IFERROR(LOOKUP(EDATE(Variations!$B$1,-12),Données!$AI$2:$AI$37,Données!$AJ$2:$AJ$37),"") -> 46.3
A22: MPMIUSSA Index | B22: =IFERROR(LOOKUP(Variations!$B$1,Données!$AK$2:$AK$37,Données!$AL$2:$AL$37),"") -> 54.8 | C22: =IFERROR(LOOKUP(EDATE(Variations!$B$1,-1),Données!$AK$2:$AK$37,Données!$AL$2:$AL$37),"") -> 54.8 | D22: =IFERROR(LOOKUP(EDATE(Variations!$B$1,-2),Données!$AK$2:$AK$37,Données!$AL$2:$AL$37),"") -> 51.3 | E22: =IFERROR(LOOKUP(EDATE(Variations!$B$1,-3),Données!$AK$2:$AK$37,Données!$AL$2:$AL$37),"") -> 51.7 | F22: =IFERROR(LOOKUP(EDATE(Variations!$B$1,-4),Données!$AK$2:$AK$37,Données!$AL$2:$AL$37),"") -> 52.3 | G22: =IFERROR(LOOKUP(EDATE(Variations!$B$1,-5),Données!$AK$2:$AK$37,Données!$AL$2:$AL$37),"") -> 52.5 | H22: =IFERROR(LOOKUP(EDATE(Variations!$B$1,-6),Données!$AK$2:$AK$37,Données!$AL$2:$AL$37),"") -> 51.4 | I22: =IFERROR(LOOKUP(EDATE(Variations!$B$1,-7),Données!$AK$2:$AK$37,Données!$AL$2:$AL$37),"") -> 50.8 | J22: =IFERROR(LOOKUP(EDATE(Variations!$B$1,-8),Données!$AK$2:$AK$37,Données!$AL$2:$AL$37),"") -> 50.6 | K22: =IFERROR(LOOKUP(EDATE(Variations!$B$1,-9),Données!$AK$2:$AK$37,Données!$AL$2:$AL$37),"") -> 50.1 | L22: =IFERROR(LOOKUP(EDATE(Variations!$B$1,-10),Données!$AK$2:$AK$37,Données!$AL$2:$AL$37),"") -> 50.5 | M22: =IFERROR(LOOKUP(EDATE(Variations!$B$1,-11),Données!$AK$2:$AK$37,Données!$AL$2:$AL$37),"") -> 52.3 | N22: =IFERROR(LOOKUP(EDATE(Variations!$B$1,-12),Données!$AK$2:$AK$37,Données!$AL$2:$AL$37),"") -> 54.4
A23: NAPMNMI Index | B23: =IFERROR(LOOKUP(Variations!$B$1,Données!$AM$2:$AM$324,Données!$AN$2:$AN$324),"") -> 53.8 | C23: =IFERROR(LOOKUP(EDATE(Variations!$B$1,-1),Données!$AM$2:$AM$324,Données!$AN$2:$AN$324),"") -> 53.8 | D23: =IFERROR(LOOKUP(EDATE(Variations!$B$1,-2),Données!$AM$2:$AM$324,Données!$AN$2:$AN$324),"") -> 49.4 | E23: =IFERROR(LOOKUP(EDATE(Variations!$B$1,-3),Données!$AM$2:$AM$324,Données!$AN$2:$AN$324),"") -> 51.4 | F23: =IFERROR(LOOKUP(EDATE(Variations!$B$1,-4),Données!$AM$2:$AM$324,Données!$AN$2:$AN$324),"") -> 52.6 | G23: =IFERROR(LOOKUP(EDATE(Variations!$B$1,-5),Données!$AM$2:$AM$324,Données!$AN$2:$AN$324),"") -> 53.4 | H23: =IFERROR(LOOKUP(EDATE(Variations!$B$1,-6),Données!$AM$2:$AM$324,Données!$AN$2:$AN$324),"") -> 50.5 | I23: =IFERROR(LOOKUP(EDATE(Variations!$B$1,-7),Données!$AM$2:$AM$324,Données!$AN$2:$AN$324),"") -> 52.5 | J23: =IFERROR(LOOKUP(EDATE(Variations!$B$1,-8),Données!$AM$2:$AM$324,Données!$AN$2:$AN$324),"") -> 51.9 | K23: =IFERROR(LOOKUP(EDATE(Variations!$B$1,-9),Données!$AM$2:$AM$324,Données!$AN$2:$AN$324),"") -> 53.4 | L23: =IFERROR(LOOKUP(EDATE(Variations!$B$1,-10),Données!$AM$2:$AM$324,Données!$AN$2:$AN$324),"") -> 54.1 | M23: =IFERROR(LOOKUP(EDATE(Variations!$B$1,-11),Données!$AM$2:$AM$324,Données!$AN$2:$AN$324),"") -> 52.8 | N23: =IFERROR(LOOKUP(EDATE(Variations!$B$1,-12),Données!$AM$2:$AM$324,Données!$AN$2:$AN$324),"") -> 53.6
A24: CFNAI Index | B24: =IFERROR(LOOKUP(Variations!$B$1,Données!$AO$2:$AO$653,Données!$AP$2:$AP$653),"") -> -0.23 | C24: =IFERROR(LOOKUP(EDATE(Variations!$B$1,-1),Données!$AO$2:$AO$653,Données!$AP$2:$AP$653),"") -> -0.23 | D24: =IFERROR(LOOKUP(EDATE(Variations!$B$1,-2),Données!$AO$2:$AO$653,Données!$AP$2:$AP$653),"") -> -0.23 | E24: =IFERROR(LOOKUP(EDATE(Variations!$B$1,-3),Données!$AO$2:$AO$653,Données!$AP$2:$AP$653),"") -> -0.04 | F24: =IFERROR(LOOKUP(EDATE(Variations!$B$1,-4),Données!$AO$2:$AO$653,Données!$AP$2:$AP$653),"") -> 0.31 | G24: =IFERROR(LOOKUP(EDATE(Variations!$B$1,-5),Données!$AO$2:$AO$653,Données!$AP$2:$AP$653),"") -> -0.79 | H24: =IFERROR(LOOKUP(EDATE(Variations!$B$1,-6),Données!$AO$2:$AO$653,Données!$AP$2:$AP$653),"") -> -0.14 | I24: =IFERROR(LOOKUP(EDATE(Variations!$B$1,-7),Données!$AO$2:$AO$653,Données!$AP$2:$AP$653),"") -> 0.23 | J24: =IFERROR(LOOKUP(EDATE(Variations!$B$1,-8),Données!$AO$2:$AO$653,Données!$AP$2:$AP$653),"") -> -0.6 | K24: =IFERROR(LOOKUP(EDATE(Variations!$B$1,-9),Données!$AO$2:$AO$653,Données!$AP$2:$AP$653),"") -> 0 | L24: =IFERROR(LOOKUP(EDATE(Variations!$B$1,-10),Données!$AO$2:$AO$653,Données!$AP$2:$AP$653),"") -> -0.25 | M24: =IFERROR(LOOKUP(EDATE(Variations!$B$1,-11),Données!$AO$2:$AO$653,Données!$AP$2:$AP$653),"") -> 0.19 | N24: =IFERROR(LOOKUP(EDATE(Variations!$B$1,-12),Données!$AO$2:$AO$653,Données!$AP$2:$AP$653),"") -> -0.4
A25: OUTFGAF Index | B25: =IFERROR(LOOKUP(Variations!$B$1,Données!$AQ$2:$AQ$654,Données!$AR$2:$AR$654),"") -> 4.5 | C25: =IFERROR(LOOKUP(EDATE(Variations!$B$1,-1),Données!$AQ$2:$AQ$654,Données!$AR$2:$AR$654),"") -> 4.5 | D25: =IFERROR(LOOKUP(EDATE(Variations!$B$1,-2),Données!$AQ$2:$AQ$654,Données!$AR$2:$AR$654),"") -> 15.5 | E25: =IFERROR(LOOKUP(EDATE(Variations!$B$1,-3),Données!$AQ$2:$AQ$654,Données!$AR$2:$AR$654),"") -> 3.2 | F25: =IFERROR(LOOKUP(EDATE(Variations!$B$1,-4),Données!$AQ$2:$AQ$654,Données!$AR$2:$AR$654),"") -> 5.2 | G25: =IFERROR(LOOKUP(EDATE(Variations!$B$1,-5),Données!$AQ$2:$AQ$654,Données!$AR$2:$AR$654),"") -> -10.6 | H25: =IFERROR(LOOKUP(EDATE(Variations!$B$1,-6),Données!$AQ$2:$AQ$654,Données!$AR$2:$AR$654),"") -> -12.8 | I25: =IFERROR(LOOKUP(EDATE(Variations!$B$1,-7),Données!$AQ$2:$AQ$654,Données!$AR$2:$AR$654),"") -> -8 | J25: =IFERROR(LOOKUP(EDATE(Variations!$B$1,-8),Données!$AQ$2:$AQ$654,Données!$AR$2:$AR$654),"") -> -12.1 | K25: =IFERROR(LOOKUP(EDATE(Variations!$B$1,-9),Données!$AQ$2:$AQ$654,Données!$AR$2:$AR$654),"") -> -13.4 | L25: =IFERROR(LOOKUP(EDATE(Variations!$B$1,-10),Données!$AQ$2:$AQ$654,Données!$AR$2:$AR$654),"") -> 7.7 | M25: =IFERROR(LOOKUP(EDATE(Variations!$B$1,-11),Données!$AQ$2:$AQ$654,Données!$AR$2:$AR$654),"") -> -14.2 | N25: =IFERROR(LOOKUP(EDATE(Variations!$B$1,-12),Données!$AQ$2:$AQ$654,Données!$AR$2:$AR$654),"") -> -13.6
A26: EMPRGBCI Index | B26: =IFERROR(LOOKUP(Variations!$B$1,Données!$AS$2:$AS$277,Données!$AT$2:$AT$277),"") -> -6 | C26: =IFERROR(LOOKUP(EDATE(Variations!$B$1,-1),Données!$AS$2:$AS$277,Données!$AT$2:$AT$277),"") -> -15.6 | D26: =IFERROR(LOOKUP(EDATE(Variations!$B$1,-2),Données!$AS$2:$AS$277,Données!$AT$2:$AT$277),"") -> -14.3 | E26: =IFERROR(LOOKUP(EDATE(Variations!$B$1,-3),Données!$AS$2:$AS$277,Données!$AT$2:$AT$277),"") -> -20.9 | F26: =IFERROR(LOOKUP(EDATE(Variations!$B$1,-4),Données!$AS$2:$AS$277,Données!$AT$2:$AT$277),"") -> -2.4 | G26: =IFERROR(LOOKUP(EDATE(Variations!$B$1,-5),Données!$AS$2:$AS$277,Données!$AT$2:$AT$277),"") -> -43.7 | H26: =IFERROR(LOOKUP(EDATE(Variations!$B$1,-6),Données!$AS$2:$AS$277,Données!$AT$2:$AT$277),"") -> -14.5 | I26: =IFERROR(LOOKUP(EDATE(Variations!$B$1,-7),Données!$AS$2:$AS$277,Données!$AT$2:$AT$277),"") -> 9.1 | J26: =IFERROR(LOOKUP(EDATE(Variations!$B$1,-8),Données!$AS$2:$AS$277,Données!$AT$2:$AT$277),"") -> -4.6 | K26: =IFERROR(LOOKUP(EDATE(Variations!$B$1,-9),Données!$AS$2:$AS$277,Données!$AT$2:$AT$277),"") -> 1.9 | L26: =IFERROR(LOOKUP(EDATE(Variations!$B$1,-10),Données!$AS$2:$AS$277,Données!$AT$2:$AT$277),"") -> -19 | M26: =IFERROR(LOOKUP(EDATE(Variations!$B$1,-11),Données!$AS$2:$AS$277,Données!$AT$2:$AT$277),"") -> 1.1 | N26: =IFERROR(LOOKUP(EDATE(Variations!$B$1,-12),Données!$AS$2:$AS$277,Données!$AT$2:$AT$277),"") -> 6.6
A27: RCHSINDX Index | B27: =IFERROR(LOOKUP(Variations!$B$1,Données!$AU$2:$AU$368,Données!$AV$2:$AV$368),"") -> 0 | C27: =IFERROR(LOOKUP(EDATE(Variations!$B$1,-1),Données!$AU$2:$AU$368,Données!$AV$2:$AV$368),"") -> 0 | D27: =IFERROR(LOOKUP(EDATE(Variations!$B$1,-2),Données!$AU$2:$AU$368,Données!$AV$2:$AV$368),"") -> -7 | E27: =IFERROR(LOOKUP(EDATE(Variations!$B$1,-3),Données!$AU$2:$AU$368,Données!$AV$2:$AV$368),"") -> -11 | F27: =IFERROR(LOOKUP(EDATE(Variations!$B$1,-4),Données!$AU$2:$AU$368,Données!$AV$2:$AV$368),"") -> -5 | G27: =IFERROR(LOOKUP(EDATE(Variations!$B$1,-5),Données!$AU$2:$AU$368,Données!$AV$2:$AV$368),"") -> -15 | H27: =IFERROR(LOOKUP(EDATE(Variations!$B$1,-6),Données!$AU$2:$AU$368,Données!$AV$2:$AV$368),"") -> -11 | I27: =IFERROR(LOOKUP(EDATE(Variations!$B$1,-7),Données!$AU$2:$AU$368,Données!$AV$2:$AV$368),"") -> -5 | J27: =IFERROR(LOOKUP(EDATE(Variations!$B$1,-8),Données!$AU$2:$AU$368,Données!$AV$2:$AV$368),"") -> 3 | K27: =IFERROR(LOOKUP(EDATE(Variations!$B$1,-9),Données!$AU$2:$AU$368,Données!$AV$2:$AV$368),"") -> 5 | L27: =IFERROR(LOOKUP(EDATE(Variations!$B$1,-10),Données!$AU$2:$AU$368,Données!$AV$2:$AV$368),"") -> -7 | M27: =IFERROR(LOOKUP(EDATE(Variations!$B$1,-11),Données!$AU$2:$AU$368,Données!$AV$2:$AV$368),"") -> -9 | N27: =IFERROR(LOOKUP(EDATE(Variations!$B$1,-12),Données!$AU$2:$AU$368,Données!$AV$2:$AV$368),"") -> -8
A28: CHPMINDX Index | B28: =IFERROR(LOOKUP(Variations!$B$1,Données!$AW$2:$AW$654,Données!$AX$2:$AX$654),"") -> 35.4 | C28: =IFERROR(LOOKUP(EDATE(Variations!$B$1,-1),Données!$AW$2:$AW$654,Données!$AX$2:$AX$654),"") -> 35.4 | D28: =IFERROR(LOOKUP(EDATE(Variations!$B$1,-2),Données!$AW$2:$AW$654,Données!$AX$2:$AX$654),"") -> 37.9 | E28: =IFERROR(LOOKUP(EDATE(Variations!$B$1,-3),Données!$AW$2:$AW$654,Données!$AX$2:$AX$654),"") -> 41.4 | F28: =IFERROR(LOOKUP(EDATE(Variations!$B$1,-4),Données!$AW$2:$AW$654,Données!$AX$2:$AX$654),"") -> 44 | G28: =IFERROR(LOOKUP(EDATE(Variations!$B$1,-5),Données!$AW$2:$AW$654,Données!$AX$2:$AX$654),"") -> 46 | H28: =IFERROR(LOOKUP(EDATE(Variations!$B$1,-6),Données!$AW$2:$AW$654,Données!$AX$2:$AX$654),"") -> 47.2 | I28: =IFERROR(LOOKUP(EDATE(Variations!$B$1,-7),Données!$AW$2:$AW$654,Données!$AX$2:$AX$654),"") -> 55.6 | J28: =IFERROR(LOOKUP(EDATE(Variations!$B$1,-8),Données!$AW$2:$AW$654,Données!$AX$2:$AX$654),"") -> 45 | K28: =IFERROR(LOOKUP(EDATE(Variations!$B$1,-9),Données!$AW$2:$AW$654,Données!$AX$2:$AX$654),"") -> 44.9 | L28: =IFERROR(LOOKUP(EDATE(Variations!$B$1,-10),Données!$AW$2:$AW$654,Données!$AX$2:$AX$654),"") -> 48.8 | M28: =IFERROR(LOOKUP(EDATE(Variations!$B$1,-11),Données!$AW$2:$AW$654,Données!$AX$2:$AX$654),"") -> 43.6 | N28: =IFERROR(LOOKUP(EDATE(Variations!$B$1,-12),Données!$AW$2:$AW$654,Données!$AX$2:$AX$654),"") -> 41.8
A29: LEI YOY Index | B29: =IFERROR(LOOKUP(Variations!$B$1,Données!$AY$2:$AY$653,Données!$AZ$2:$AZ$653),"") -> -5.4 | C29: =IFERROR(LOOKUP(EDATE(Variations!$B$1,-1),Données!$AY$2:$AY$653,Données!$AZ$2:$AZ$653),"") -> -5.4 | D29: =IFERROR(LOOKUP(EDATE(Variations!$B$1,-2),Données!$AY$2:$AY$653,Données!$AZ$2:$AZ$653),"") -> -5.4 | E29: =IFERROR(LOOKUP(EDATE(Variations!$B$1,-3),Données!$AY$2:$AY$653,Données!$AZ$2:$AZ$653),"") -> -5.5 | F29: =IFERROR(LOOKUP(EDATE(Variations!$B$1,-4),Données!$AY$2:$AY$653,Données!$AZ$2:$AZ$653),"") -> -6.4 | G29: =IFERROR(LOOKUP(EDATE(Variations!$B$1,-5),Données!$AY$2:$AY$653,Données!$AZ$2:$AZ$653),"") -> -7.2 | H29: =IFERROR(LOOKUP(EDATE(Variations!$B$1,-6),Données!$AY$2:$AY$653,Données!$AZ$2:$AZ$653),"") -> -7.2 | I29: =IFERROR(LOOKUP(EDATE(Variations!$B$1,-7),Données!$AY$2:$AY$653,Données!$AZ$2:$AZ$653),"") -> -7.6 | J29: =IFERROR(LOOKUP(EDATE(Variations!$B$1,-8),Données!$AY$2:$AY$653,Données!$AZ$2:$AZ$653),"") -> -8.1 | K29: =IFERROR(LOOKUP(EDATE(Variations!$B$1,-9),Données!$AY$2:$AY$653,Données!$AZ$2:$AZ$653),"") -> -8.1 | L29: =IFERROR(LOOKUP(EDATE(Variations!$B$1,-10),Données!$AY$2:$AY$653,Données!$AZ$2:$AZ$653),"") -> -7.9 | M29: =IFERROR(LOOKUP(EDATE(Variations!$B$1,-11),Données!$AY$2:$AY$653,Données!$AZ$2:$AZ$653),"") -> -7.8 | N29: =IFERROR(LOOKUP(EDATE(Variations!$B$1,-12),Données!$AY$2:$AY$653,Données!$AZ$2:$AZ$653),"") -> -8.1
A30: NHSPATOT Index | B30: =IFERROR(LOOKUP(Variations!$B$1,Données!$BA$2:$BA$653,Données!$BB$2:$BB$653),"") -> 1440 | C30: =IFERROR(LOOKUP(EDATE(Variations!$B$1,-1),Données!$BA$2:$BA$653,Données!$BB$2:$BB$653),"") -> 1440 | D30: =IFERROR(LOOKUP(EDATE(Variations!$B$1,-2),Données!$BA$2:$BA$653,Données!$BB$2:$BB$653),"") -> 1440 | E30: =IFERROR(LOOKUP(EDATE(Variations!$B$1,-3),Données!$BA$2:$BA$653,Données!$BB$2:$BB$653),"") -> 1485 | F30: =IFERROR(LOOKUP(EDATE(Variations!$B$1,-4),Données!$BA$2:$BA$653,Données!$BB$2:$BB$653),"") -> 1563 | G30: =IFERROR(LOOKUP(EDATE(Variations!$B$1,-5),Données!$BA$2:$BA$653,Données!$BB$2:$BB$653),"") -> 1508 | H30: =IFERROR(LOOKUP(EDATE(Variations!$B$1,-6),Données!$BA$2:$BA$653,Données!$BB$2:$BB$653),"") -> 1530 | I30: =IFERROR(LOOKUP(EDATE(Variations!$B$1,-7),Données!$BA$2:$BA$653,Données!$BB$2:$BB$653),"") -> 1508 | J30: =IFERROR(LOOKUP(EDATE(Variations!$B$1,-8),Données!$BA$2:$BA$653,Données!$BB$2:$BB$653),"") -> 1534 | K30: =IFERROR(LOOKUP(EDATE(Variations!$B$1,-9),Données!$BA$2:$BA$653,Données!$BB$2:$BB$653),"") -> 1515 | L30: =IFERROR(LOOKUP(EDATE(Variations!$B$1,-10),Données!$BA$2:$BA$653,Données!$BB$2:$BB$653),"") -> 1578 | M30: =IFERROR(LOOKUP(EDATE(Variations!$B$1,-11),Données!$BA$2:$BA$653,Données!$BB$2:$BB$653),"") -> 1501 | N30: =IFERROR(LOOKUP(EDATE(Variations!$B$1,-12),Données!$BA$2:$BA$653,Données!$BB$2:$BB$653),"") -> 1493
A31: ETSLTOTL Index | B31: =IFERROR(LOOKUP(Variations!$B$1,Données!$BC$2:$BC$305,Données!$BD$2:$BD$305),"") -> 4.14 | C31: =IFERROR(LOOKUP(EDATE(Variations!$B$1,-1),Données!$BC$2:$BC$305,Données!$BD$2:$BD$305),"") -> 4.14 | D31: =IFERROR(LOOKUP(EDATE(Variations!$B$1,-2),Données!$BC$2:$BC$305,Données!$BD$2:$BD$305),"") -> 4.14 | E31: =IFERROR(LOOKUP(EDATE(Variations!$B$1,-3),Données!$BC$2:$BC$305,Données!$BD$2:$BD$305),"") -> 4.22 | F31: =IFERROR(LOOKUP(EDATE(Variations!$B$1,-4),Données!$BC$2:$BC$305,Données!$BD$2:$BD$305),"") -> 4.38 | G31: =IFERROR(LOOKUP(EDATE(Variations!$B$1,-5),Données!$BC$2:$BC$305,Données!$BD$2:$BD$305),"") -> 4 | H31: =IFERROR(LOOKUP(EDATE(Variations!$B$1,-6),Données!$BC$2:$BC$305,Données!$BD$2:$BD$305),"") -> 3.88 | I31: =IFERROR(LOOKUP(EDATE(Variations!$B$1,-7),Données!$BC$2:$BC$305,Données!$BD$2:$BD$305),"") -> 3.91 | J31: =IFERROR(LOOKUP(EDATE(Variations!$B$1,-8),Données!$BC$2:$BC$305,Données!$BD$2:$BD$305),"") -> 3.85 | K31: =IFERROR(LOOKUP(EDATE(Variations!$B$1,-9),Données!$BC$2:$BC$305,Données!$BD$2:$BD$305),"") -> 3.98 | L31: =IFERROR(LOOKUP(EDATE(Variations!$B$1,-10),Données!$BC$2:$BC$305,Données!$BD$2:$BD$305),"") -> 4.03 | M31: =IFERROR(LOOKUP(EDATE(Variations!$B$1,-11),Données!$BC$2:$BC$305,Données!$BD$2:$BD$305),"") -> 4.05 | N31: =IFERROR(LOOKUP(EDATE(Variations!$B$1,-12),Données!$BC$2:$BC$305,Données!$BD$2:$BD$305),"") -> 4.11
A32: RSTAXMOM Index | B32: =IFERROR(LOOKUP(Variations!$B$1,Données!$BE$2:$BE$388,Données!$BF$2:$BF$388),"") -> 0.2 | C32: =IFERROR(LOOKUP(EDATE(Variations!$B$1,-1),Données!$BE$2:$BE$388,Données!$BF$2:$BF$388),"") -> 0.2 | D32: =IFERROR(LOOKUP(EDATE(Variations!$B$1,-2),Données!$BE$2:$BE$388,Données!$BF$2:$BF$388),"") -> 0.2 | E32: =IFERROR(LOOKUP(EDATE(Variations!$B$1,-3),Données!$BE$2:$BE$388,Données!$BF$2:$BF$388),"") -> 0.9 | F32: =IFERROR(LOOKUP(EDATE(Variations!$B$1,-4),Données!$BE$2:$BE$388,Données!$BF$2:$BF$388),"") -> 0.3 | G32: =IFERROR(LOOKUP(EDATE(Variations!$B$1,-5),Données!$BE$2:$BE$388,Données!$BF$2:$BF$388),"") -> -0.8 | H32: =IFERROR(LOOKUP(EDATE(Variations!$B$1,-6),Données!$BE$2:$BE$388,Données!$BF$2:$BF$388),"") -> 0.3 | I32: =IFERROR(LOOKUP(EDATE(Variations!$B$1,-7),Données!$BE$2:$BE$388,Données!$BF$2:$BF$388),"") -> 0 | J32: =IFERROR(LOOKUP(EDATE(Variations!$B$1,-8),Données!$BE$2:$BE$388,Données!$BF$2:$BF$388),"") -> 0 | K32: =IFERROR(LOOKUP(EDATE(Variations!$B$1,-9),Données!$BE$2:$BE$388,Données!$BF$2:$BF$388),"") -> 0.8 | L32: =IFERROR(LOOKUP(EDATE(Variations!$B$1,-10),Données!$BE$2:$BE$388,Données!$BF$2:$BF$388),"") -> 0.8 | M32: =IFERROR(LOOKUP(EDATE(Variations!$B$1,-11),Données!$BE$2:$BE$388,Données!$BF$2:$BF$388),"") -> 0.8 | N32: =IFERROR(LOOKUP(EDATE(Variations!$B$1,-12),Données!$BE$2:$BE$388,Données!$BF$2:$BF$388),"") -> 0.1
A33: RSTAXYOY Index | B33: =IFERROR(LOOKUP(Variations!$B$1,Données!$BG$2:$BG$377,Données!$BH$2:$BH$377),"") -> 3.6 | C33: =IFERROR(LOOKUP(EDATE(Variations!$B$1,-1),Données!$BG$2:$BG$377,Données!$BH$2:$BH$377),"") -> 3.6 | D33: =IFERROR(LOOKUP(EDATE(Variations!$B$1,-2),Données!$BG$2:$BG$377,Données!$BH$2:$BH$377),"") -> 3.6 | E33: =IFERROR(LOOKUP(EDATE(Variations!$B$1,-3),Données!$BG$2:$BG$377,Données!$BH$2:$BH$377),"") -> 4 | F33: =IFERROR(LOOKUP(EDATE(Variations!$B$1,-4),Données!$BG$2:$BG$377,Données!$BH$2:$BH$377),"") -> 2 | G33: =IFERROR(LOOKUP(EDATE(Variations!$B$1,-5),Données!$BG$2:$BG$377,Données!$BH$2:$BH$377),"") -> 0.9 | H33: =IFERROR(LOOKUP(EDATE(Variations!$B$1,-6),Données!$BG$2:$BG$377,Données!$BH$2:$BH$377),"") -> 4.6 | I33: =IFERROR(LOOKUP(EDATE(Variations!$B$1,-7),Données!$BG$2:$BG$377,Données!$BH$2:$BH$377),"") -> 3.6 | J33: =IFERROR(LOOKUP(EDATE(Variations!$B$1,-8),Données!$BG$2:$BG$377,Données!$BH$2:$BH$377),"") -> 2.6 | K33: =IFERROR(LOOKUP(EDATE(Variations!$B$1,-9),Données!$BG$2:$BG$377,Données!$BH$2:$BH$377),"") -> 3.7 | L33: =IFERROR(LOOKUP(EDATE(Variations!$B$1,-10),Données!$BG$2:$BG$377,Données!$BH$2:$BH$377),"") -> 2.7 | M33: =IFERROR(LOOKUP(EDATE(Variations!$B$1,-11),Données!$BG$2:$BG$377,Données!$BH$2:$BH$377),"") -> 1.9 | N33: =IFERROR(LOOKUP(EDATE(Variations!$B$1,-12),Données!$BG$2:$BG$377,Données!$BH$2:$BH$377),"") -> 0.7
A34: SAARTOTL Index | B34: =IFERROR(LOOKUP(Variations!$B$1,Données!$BI$2:$BI$582,Données!$BJ$2:$BJ$582),"") -> 15.9 | C34: =IFERROR(LOOKUP(EDATE(Variations!$B$1,-1),Données!$BI$2:$BI$582,Données!$BJ$2:$BJ$582),"") -> 15.9 | D34: =IFERROR(LOOKUP(EDATE(Variations!$B$1,-2),Données!$BI$2:$BI$582,Données!$BJ$2:$BJ$582),"") -> 15.74 | E34: =IFERROR(LOOKUP(EDATE(Variations!$B$1,-3),Données!$BI$2:$BI$582,Données!$BJ$2:$BJ$582),"") -> 15.49 | F34: =IFERROR(LOOKUP(EDATE(Variations!$B$1,-4),Données!$BI$2:$BI$582,Données!$BJ$2:$BJ$582),"") -> 15.81 | G34: =IFERROR(LOOKUP(EDATE(Variations!$B$1,-5),Données!$BI$2:$BI$582,Données!$BJ$2:$BJ$582),"") -> 15 | H34: =IFERROR(LOOKUP(EDATE(Variations!$B$1,-6),Données!$BI$2:$BI$582,Données!$BJ$2:$BJ$582),"") -> 15.83 | I34: =IFERROR(LOOKUP(EDATE(Variations!$B$1,-7),Données!$BI$2:$BI$582,Données!$BJ$2:$BJ$582),"") -> 15.32 | J34: =IFERROR(LOOKUP(EDATE(Variations!$B$1,-8),Données!$BI$2:$BI$582,Données!$BJ$2:$BJ$582),"") -> 15.5 | K34: =IFERROR(LOOKUP(EDATE(Variations!$B$1,-9),Données!$BI$2:$BI$582,Données!$BJ$2:$BJ$582),"") -> 15.67 | L34: =IFERROR(LOOKUP(EDATE(Variations!$B$1,-10),Données!$BI$2:$BI$582,Données!$BJ$2:$BJ$582),"") -> 15.04 | M34: =IFERROR(LOOKUP(EDATE(Variations!$B$1,-11),Données!$BI$2:$BI$582,Données!$BJ$2:$BJ$582),"") -> 15.74 | N34: =IFERROR(LOOKUP(EDATE(Variations!$B$1,-12),Données!$BI$2:$BI$582,Données!$BJ$2:$BJ$582),"") -> 15.68
